04/12/2020 00:00,3.4,2.99,13.1,0,0.4,10.112,9.534,0
04/12/2020 01:00,3.5,3.03,13,0,0.4,10.112,9.535,0.005
04/12/2020 02:00,3.3,3.43,14.2,0,0.5,10.112,9.535,0.982
04/12/2020 03:00,3.5,3.93,15.3,0,0.5,10.112,9.535,2.818
04/12/2020 04:00,3.8,4.6,16.4,0,0.6,10.111,9.534,6.074
04/12/2020 05:00,3.6,4.57,17.2,0,0.6,10.112,9.534,6.647
04/12/2020 06:00,3.7,4.39,17.3,0,0.6,10.115,9.536,6.532
04/12/2020 07:00,3.5,4.34,17.4,0,0.6,10.117,9.537,7.799
04/12/2020 08:00,3.8,4.88,17.6,3,0.7,10.117,9.537,12.012
04/12/2020 09:00,63.7,6.42,19.2,41.9,0.8,10.112,9.535,30.961
04/12/2020 10:00,74.3,6.69,19.7,59.8,0.8,10.103,9.531,49.464
04/12/2020 11:00,82.2,6.13,20.3,66,0.7,10.108,9.534,53.997
04/12/2020 12:00,93.7,5.89,20.9,109.3,0.7,10.115,9.538,52.977
04/12/2020 13:00,93.8,5.72,21,128.8,0.6,10.119,9.542,56.24
04/12/2020 14:00,92.2,5.6,21.1,103.3,0.6,10.123,9.545,53.411
04/12/2020 15:00,86.8,6.01,21.5,54.8,0.7,10.127,9.545,52.377
04/12/2020 16:00,84.5,7.09,24.9,6.1,0.7,10.128,9.544,51.423
04/12/2020 17:00,90.3,6.98,26.5,0,0.7,10.132,9.545,52.797
04/12/2020 18:00,90.2,6.51,26.3,0,0.6,10.134,9.547,56.002
04/12/2020 19:00,89.9,6.57,26.2,0,0.6,10.136,9.548,55.074
04/12/2020 20:00,90.6,6.7,26.2,0,0.7,10.136,9.548,54.678
04/12/2020 21:00,11.4,5.28,23.2,0,0.6,10.149,9.556,25.283
04/12/2020 22:00,4.1,4.92,18,0,0.7,10.158,9.561,9.205
04/12/2020 23:00,NaN,NaN,NaN,NaN,NaN,10.158,9.562,5.771
05/12/2020 00:00,3.8,4.23,13.3,0,0.6,10.159,9.562,1.767
05/12/2020 01:00,3.5,4.08,13,0,0.6,10.159,9.563,0
05/12/2020 02:00,3.4,4.08,13.9,0,0.5,10.159,9.564,0
05/12/2020 03:00,3.8,4.3,15.3,0,0.5,10.159,9.564,0
05/12/2020 04:00,3.4,4.48,16.6,0,0.6,10.159,9.566,0.046
05/12/2020 05:00,3.3,5.32,17.9,0,0.7,10.161,9.568,3.555
05/12/2020 06:00,3.7,4.97,18,0,0.7,10.163,9.569,4.791
05/12/2020 07:00,3.8,4.65,18,0,0.6,10.166,9.571,6.13
05/12/2020 08:00,3.7,5.28,18.4,2.4,0.7,10.168,9.572,9.274
05/12/2020 09:00,78.1,6.61,19.6,69.8,0.8,10.164,9.571,29.153
05/12/2020 10:00,93.8,7.01,20.8,234.8,0.8,10.16,9.571,45.985
05/12/2020 11:00,97.4,6.91,20.9,318.1,0.7,10.163,9.573,54.149
05/12/2020 12:00,93.1,6.17,21.4,172.6,0.6,10.167,9.578,53.014
05/12/2020 13:00,95.9,6.14,21.4,254,0.6,10.168,9.582,57.427
05/12/2020 14:00,90,5.64,21.5,198.8,0.6,10.17,9.584,55.03
05/12/2020 15:00,84.8,5.66,22,53.3,0.6,10.171,9.586,52.027
05/12/2020 16:00,83.2,6.21,25.3,3,0.6,10.175,9.588,49.448
05/12/2020 17:00,86.2,6.25,26.4,0,0.6,10.181,9.592,49.581
05/12/2020 18:00,85.7,5.66,26.5,0,0.5,10.182,9.595,48.687
05/12/2020 19:00,85.8,6.07,27,0,0.6,10.185,9.597,43.248
05/12/2020 20:00,85.1,6.97,27.8,0,0.8,10.185,9.598,41.174
05/12/2020 21:00,11.1,5.29,24.6,0,0.7,10.197,9.606,17.225
05/12/2020 22:00,3.9,4.51,19.5,0,0.7,10.206,9.611,1.585
05/12/2020 23:00,NaN,NaN,NaN,NaN,NaN,10.205,9.615,0.505
06/12/2020 00:00,3.4,4.12,13.7,0,0.6,10.206,9.617,0.036
06/12/2020 01:00,3.1,4.05,13.3,0,0.5,10.206,9.618,0
06/12/2020 02:00,3.5,4.23,13.6,0,0.5,10.205,9.619,0
06/12/2020 03:00,3.8,4.59,15.6,0,0.6,10.205,9.619,0.201
06/12/2020 04:00,3.3,5.2,16.9,0,0.7,10.206,9.62,1.853
06/12/2020 05:00,3.8,5.2,17,0,0.6,10.208,9.621,2.571
06/12/2020 06:00,3.8,5,17.1,0,0.6,10.208,9.623,4.626
06/12/2020 07:00,3.7,4.78,17.2,0,0.6,10.209,9.624,6.121
06/12/2020 08:00,3.8,4.76,17.6,0.8,0.6,10.21,9.625,8.365
06/12/2020 09:00,74.1,5.87,19.2,37.7,0.6,10.207,9.625,27.532
06/12/2020 10:00,88.8,6.23,20.3,138.4,0.5,10.203,9.624,48.034
06/12/2020 11:00,92.4,5.38,20.4,170.1,0.5,10.208,9.628,48.038
06/12/2020 12:00,86.8,4.93,21.3,148.8,0.5,10.212,9.633,47.517
06/12/2020 13:00,83.9,4.75,21.5,122.1,0.5,10.216,9.637,45.873
06/12/2020 14:00,79.8,4.3,21.7,81.3,0.4,10.217,9.639,45.974
06/12/2020 15:00,76.9,4.19,22,34,0.3,10.218,9.64,49.67
06/12/2020 16:00,75.8,5.03,24.7,12.8,0.4,10.22,9.642,47.717
06/12/2020 17:00,81.2,4.02,25,0,0.3,10.227,9.648,39.091
06/12/2020 18:00,81.8,3.79,24.9,0,0.3,10.23,9.652,37.389
06/12/2020 19:00,82.7,3.98,25,0,0.3,10.232,9.655,38.659
06/12/2020 20:00,82.4,4.18,25.1,0,0.4,10.233,9.656,37.887
06/12/2020 21:00,10.5,2.92,22.4,0,0.3,10.25,9.666,11.683
06/12/2020 22:00,4.1,2.27,18.6,0,0.3,10.261,9.672,0
06/12/2020 23:00,3,NaN,16.5,NaN,NaN,10.256,9.672,0.929
07/12/2020 00:00,3.7,2.94,13.5,0,0.3,10.255,9.672,5.067
07/12/2020 01:00,3.4,2.86,13.3,0,0.3,10.256,9.673,4.883
07/12/2020 02:00,3.3,2.57,14.2,0,0.3,10.256,9.673,2.076
07/12/2020 03:00,3.5,2.58,15.6,0,0.3,10.257,9.674,0.251
07/12/2020 04:00,3.7,3.02,16.7,0,0.4,10.259,9.674,2.286
07/12/2020 05:00,3.4,3.18,17.2,0,0.4,10.26,9.674,4.028
07/12/2020 06:00,4.2,3.08,17.2,0,0.3,10.26,9.675,4.943
07/12/2020 07:00,3.8,2.76,17.2,0,0.3,10.263,9.678,6.075
07/12/2020 08:00,3.8,2.98,17.7,0,0.4,10.265,9.68,9.812
07/12/2020 09:00,66.4,3.95,19.9,10.2,0.4,10.26,9.679,28.264
07/12/2020 10:00,80.1,5.01,20.9,83.2,0.5,10.256,9.679,48.964
07/12/2020 11:00,78,4.04,20.3,60.2,0.4,10.26,9.682,49.693
07/12/2020 12:00,90.3,4.78,21.6,302,0.4,10.262,9.684,54.45
07/12/2020 13:00,78.3,4.47,21.4,81.5,0.4,10.263,9.685,55.664
07/12/2020 14:00,82.2,4.36,21.5,166.3,0.4,10.264,9.686,52.908
07/12/2020 15:00,76,4.48,21.6,69.3,0.4,10.264,9.687,54.72
07/12/2020 16:00,71.1,4.9,24.3,10.9,0.4,10.266,9.69,51.029
07/12/2020 17:00,76,4.58,24.8,0,0.4,10.27,9.691,45.798
07/12/2020 18:00,76.6,4.51,25,0,0.4,10.271,9.693,44.321
07/12/2020 19:00,77.1,4.58,25,0,0.4,10.273,9.695,42.272
07/12/2020 20:00,76.8,4.65,25.1,0,0.4,10.274,9.696,41.157
07/12/2020 21:00,9.9,3.21,22.1,0,0.3,10.288,9.705,18.727
07/12/2020 22:00,3.8,2.57,18.6,0,0.4,10.296,9.709,4.937
07/12/2020 23:00,NaN,NaN,NaN,NaN,NaN,10.292,9.711,7.552
08/12/2020 00:00,2.9,3.25,12.9,0,0.4,10.292,9.712,5.554
08/12/2020 01:00,3.5,2.71,13.2,0,0.4,10.293,9.713,0.719
08/12/2020 02:00,3.7,2.63,13.3,0,0.3,10.295,9.714,0
08/12/2020 03:00,3.7,2.9,14.2,0,0.4,10.295,9.715,0
08/12/2020 04:00,3.6,3.02,15.1,0,0.4,10.295,9.715,0.66
08/12/2020 05:00,3.4,3.27,15.8,0,0.4,10.295,9.715,3.157
08/12/2020 06:00,3.8,3.53,16.7,0,0.4,10.295,9.716,6.356
08/12/2020 07:00,3.5,3.67,16.8,0,0.4,10.296,9.716,9.241
08/12/2020 08:00,4.1,3.7,17.2,1.6,0.4,10.297,9.716,12.024
08/12/2020 09:00,61.2,4.84,18.5,27.8,0.4,10.293,9.716,29.95
08/12/2020 10:00,72.1,5.84,19.9,197.1,0.5,10.288,9.716,48.238
08/12/2020 11:00,74.3,5.71,20.6,209.7,0.6,10.291,9.715,51.803
08/12/2020 12:00,78.1,5.18,21.6,281.5,0.5,10.294,9.716,54.333
08/12/2020 13:00,77.7,4.8,21.7,244,0.5,10.294,9.717,54.645
08/12/2020 14:00,72.8,5.17,21.9,205.2,0.5,10.295,9.723,55.732
08/12/2020 15:00,81.4,5.4,22.2,105.4,0.5,10.299,9.73,42.282
08/12/2020 16:00,84.3,5.55,25.1,6.8,0.5,10.302,9.732,34.749
08/12/2020 17:00,92.9,4.39,25.1,0,0.3,10.307,9.735,28.58
08/12/2020 18:00,95.2,3.73,24.7,0,0.2,10.31,9.738,25.638
08/12/2020 19:00,96.7,4.08,24.7,0,0.3,10.311,9.739,25.298
08/12/2020 20:00,96.5,4.39,24.5,0,0.3,10.312,9.74,25.524
08/12/2020 21:00,11.6,3.24,21.8,0,0.3,10.324,9.749,9.674
08/12/2020 22:00,4,2.61,17.8,0,0.3,10.331,9.753,0.057
08/12/2020 23:00,NaN,NaN,NaN,NaN,NaN,10.327,9.754,2.098
09/12/2020 00:00,3.3,3.09,13.5,0,0.3,10.326,9.754,5.538
09/12/2020 01:00,3.3,2.83,12.9,0,0.3,10.326,9.755,4.499
09/12/2020 02:00,3.3,2.56,12.8,0,0.3,10.327,9.755,3.406
09/12/2020 03:00,3.2,2.66,13.9,0,0.3,10.327,9.755,4.108
09/12/2020 04:00,3.3,3.09,15.5,0,0.4,10.327,9.756,6.276
09/12/2020 05:00,3.8,3.47,16.9,0,0.4,10.328,9.756,8.811
09/12/2020 06:00,3.4,3.49,17.1,0,0.4,10.329,9.756,9.914
09/12/2020 07:00,3.6,3.33,17.1,0,0.4,10.33,9.756,10.541
09/12/2020 08:00,3.8,3.33,17.2,0.8,0.4,10.33,9.756,12.398
09/12/2020 09:00,80.8,4.78,18.1,18.8,0.5,10.325,9.755,27.913
09/12/2020 10:00,91.9,5.01,19.1,50.4,0.4,10.321,9.753,40.426
09/12/2020 11:00,93,4.4,19.8,90.9,0.4,10.327,9.755,37.48
09/12/2020 12:00,93.5,4.14,20.7,101.5,0.4,10.33,9.758,36.488
09/12/2020 13:00,90.8,3.89,20.9,47.7,0.3,10.331,9.76,36.723
09/12/2020 14:00,89.8,3.69,20.9,31,0.3,10.331,9.76,35.384
09/12/2020 15:00,89.9,3.66,21.1,19.8,0.3,10.331,9.761,35.481
09/12/2020 16:00,89.1,5.06,23.6,2.1,0.4,10.331,9.761,37.327
09/12/2020 17:00,94.6,5.47,25.1,0,0.5,10.333,9.761,35.6
09/12/2020 18:00,94.7,4.6,25.1,0,0.4,10.336,9.763,31.485
09/12/2020 19:00,94.1,4.85,25,0,0.4,10.337,9.765,28.492
09/12/2020 20:00,94.6,4.95,24.9,0,0.4,10.337,9.765,27.343
09/12/2020 21:00,11.8,3.18,21.8,0,0.4,10.347,9.773,11.051
09/12/2020 22:00,3.6,2.55,17.4,0,0.4,10.354,9.779,0.308
09/12/2020 23:00,NaN,NaN,NaN,NaN,NaN,10.352,9.782,0.365
10/12/2020 00:00,3.6,2.74,12.9,0,0.4,10.352,9.782,3.155
10/12/2020 01:00,3.7,2.58,12.8,0,0.3,10.352,9.782,4.663
10/12/2020 02:00,3.3,2.79,13,0,0.4,10.352,9.783,6.475
10/12/2020 03:00,3.3,2.68,13.7,0,0.3,10.352,9.783,6.742
10/12/2020 04:00,3.5,2.9,14.9,0,0.3,10.352,9.783,6.584
10/12/2020 05:00,3.9,3.69,16.1,0,0.4,10.351,9.783,9.187
10/12/2020 06:00,3.5,3.96,16.9,0,0.5,10.351,9.783,10.642
10/12/2020 07:00,3.4,3.8,17.3,0,0.4,10.351,9.783,10.839
10/12/2020 08:00,3.7,3.72,17.2,1.1,0.4,10.351,9.783,11.413
10/12/2020 09:00,80.7,4.97,18.8,26.8,0.6,10.348,9.782,24.441
10/12/2020 10:00,94.2,5.48,19.6,72.9,0.6,10.342,9.78,42.131
10/12/2020 11:00,99.3,4.78,19.9,158.8,0.5,10.346,9.781,41.774
10/12/2020 12:00,103.7,4.71,20.6,230.4,0.4,10.346,9.782,49.692
10/12/2020 13:00,101.8,4.68,20.8,231.6,0.4,10.346,9.782,51.759
10/12/2020 14:00,96.7,5.07,20.5,258.3,0.4,10.346,9.783,57.639
10/12/2020 15:00,92.5,4.68,21.2,116.2,0.4,10.346,9.783,50.155
10/12/2020 16:00,89,5.25,23.5,13.4,0.5,10.347,9.783,43.602
10/12/2020 17:00,94.3,4.96,24.3,0,0.4,10.349,9.783,38.015
10/12/2020 18:00,95.3,5.2,24.8,0,0.5,10.349,9.783,38.915
10/12/2020 19:00,94.8,5.31,25.1,0,0.5,10.349,9.784,36.907
10/12/2020 20:00,95.1,4.66,25.2,0,0.4,10.35,9.786,33.763
10/12/2020 21:00,11.7,3.44,21.6,0,0.4,10.361,9.793,16.211
10/12/2020 22:00,3.8,3.06,16.9,0,0.4,10.367,9.796,5.228
10/12/2020 23:00,NaN,NaN,NaN,NaN,NaN,10.364,9.797,5.817
11/12/2020 00:00,3.3,3.22,12.5,0.1,0.4,10.364,9.798,5.056
11/12/2020 01:00,3.4,3.33,12.4,0,0.4,10.364,9.798,4.106
11/12/2020 02:00,3.7,3.15,12.3,0,0.4,10.363,9.798,3.957
11/12/2020 03:00,3.3,3.3,13.8,0,0.4,10.363,9.798,4.338
11/12/2020 04:00,3.7,3.8,15.4,0,0.5,10.363,9.798,5.477
11/12/2020 05:00,4,4.49,16.7,0,0.6,10.362,9.798,7.497
11/12/2020 06:00,3.5,4.71,17.3,0,0.6,10.362,9.797,8.712
11/12/2020 07:00,3.8,4.61,17.6,0,0.6,10.362,9.797,9.361
11/12/2020 08:00,3.7,4.37,17.7,0,0.6,10.365,9.797,9.96
11/12/2020 09:00,73.2,5.53,18.1,11.3,0.6,10.361,9.8,23.364
11/12/2020 10:00,90.4,5.02,18.4,33.4,0.4,10.36,9.797,34.78
11/12/2020 11:00,90.3,4.47,19.6,45.1,0.4,10.366,9.799,36.999
11/12/2020 12:00,93.9,4.74,20.1,84.3,0.4,10.367,9.8,43.209
11/12/2020 13:00,94.8,4.74,20.3,86.4,0.4,10.367,9.802,45.995
11/12/2020 14:00,62.1,4.3,20.9,50.3,0.4,10.367,9.802,41.838
11/12/2020 15:00,62.9,5.15,21.8,24.8,0.6,10.362,9.8,40.899
11/12/2020 16:00,59.3,5.55,23.6,2.3,0.5,10.356,9.798,40.617
11/12/2020 17:00,65.8,6.27,24.9,0,0.6,10.356,9.798,42.406
11/12/2020 18:00,65.8,5.34,25.4,0,0.5,10.361,9.799,39.458
11/12/2020 19:00,66.2,5.3,25.4,0,0.5,10.361,9.8,36.681
11/12/2020 20:00,66.2,5.54,25.2,0,0.6,10.361,9.801,34.23
11/12/2020 21:00,9.3,3.83,21.8,0,0.5,10.37,9.809,15.422
11/12/2020 22:00,4.1,3.24,17.7,0,0.5,10.377,9.814,0.962
11/12/2020 23:00,NaN,NaN,NaN,NaN,NaN,10.374,9.815,0
12/12/2020 00:00,3.3,2.81,13.6,0,0.4,10.374,9.816,0.208
12/12/2020 01:00,3.3,2.7,13.7,0,0.4,10.375,9.816,0
12/12/2020 02:00,3.4,2.69,13.6,0,0.4,10.374,9.817,0
12/12/2020 03:00,3.4,2.72,14.3,0,0.4,10.372,9.817,0
12/12/2020 04:00,3.8,2.83,15.5,0,0.3,10.374,9.817,0.205
12/12/2020 05:00,3.6,3.11,16.4,0,0.4,10.374,9.818,3.133
12/12/2020 06:00,3.4,3.07,17.1,0,0.3,10.375,9.818,4.39
12/12/2020 07:00,4,2.97,18.1,0,0.4,10.376,9.818,6.038
12/12/2020 08:00,52.1,4.28,19.9,0.3,0.5,10.368,9.817,20.697
12/12/2020 09:00,60.7,5.55,21.2,31.9,0.6,10.361,9.815,34.5
12/12/2020 10:00,64.8,5.19,21.8,106.2,0.5,10.365,9.814,40.889
12/12/2020 11:00,65.9,5.14,22.2,129,0.5,10.369,9.814,44.889
12/12/2020 12:00,63.6,4.36,21.7,108.8,0.4,10.371,9.815,46.227
12/12/2020 13:00,65.2,4.21,21.4,127.8,0.3,10.372,9.816,47.237
12/12/2020 14:00,60.4,4.15,21.1,57.2,0.3,10.373,9.817,45.045
12/12/2020 15:00,59.4,4.02,21.7,36.5,0.4,10.376,9.817,40.452
12/12/2020 16:00,58.8,4.7,24.4,2.6,0.4,10.377,9.817,37.523
12/12/2020 17:00,64.9,4.2,25,0,0.3,10.383,9.818,31.363
12/12/2020 18:00,64.8,4.03,25,0,0.3,10.387,9.82,28.294
12/12/2020 19:00,65.1,3.77,24.8,0,0.3,10.389,9.822,25.311
12/12/2020 20:00,64.9,4.1,24.9,0,0.3,10.39,9.822,24.117
12/12/2020 21:00,9.3,2.68,22.7,0,0.3,10.402,9.83,10.276
12/12/2020 22:00,3.7,2.18,19.1,0,0.3,10.409,9.834,0.992
12/12/2020 23:00,NaN,NaN,NaN,NaN,NaN,10.403,9.835,3.817
13/12/2020 00:00,4,2.69,15.3,0,0.3,10.406,9.836,3.287
13/12/2020 01:00,3.8,2.88,14.6,0,0.3,10.407,9.836,1.081
13/12/2020 02:00,3.4,2.73,14,0,0.3,10.406,9.836,0.209
13/12/2020 03:00,3.7,2.54,14.5,0,0.3,10.405,9.836,0.82
13/12/2020 04:00,3.3,2.34,15.6,0,0.3,10.408,9.837,0.168
13/12/2020 05:00,3.5,2.37,16.6,0,0.3,10.411,9.837,0.041
13/12/2020 06:00,3.8,2.44,17,0,0.3,10.412,9.837,1.811
13/12/2020 07:00,3.8,2.79,17.7,0,0.3,10.411,9.837,5.978
13/12/2020 08:00,48.9,3.92,19.5,3,0.4,10.403,9.836,21.423
13/12/2020 09:00,59.1,4.52,20.3,83.8,0.4,10.396,9.835,37.608
13/12/2020 10:00,63.3,5.04,21,196.3,0.5,10.398,9.834,47.587
13/12/2020 11:00,65.1,5.2,21.5,203.8,0.6,10.402,9.834,49.472
13/12/2020 12:00,68.5,5.01,21.9,262.6,0.5,10.402,9.833,55.439
13/12/2020 13:00,63.3,4.92,21.6,183.6,0.5,10.403,9.833,56.859
13/12/2020 14:00,57.9,4.38,21.5,78.5,0.5,10.408,9.834,45.931
13/12/2020 15:00,53.6,4.2,21.8,39.2,0.5,10.411,9.834,39.097
13/12/2020 16:00,51.2,4.73,24.3,2.3,0.5,10.41,9.834,39.524
13/12/2020 17:00,57.7,4.87,24.9,0,0.5,10.417,9.834,32.831
13/12/2020 18:00,60.5,4.78,24.9,0,0.5,10.418,9.834,32.105
13/12/2020 19:00,60.6,5.54,25.2,0,0.6,10.419,9.834,32.521
13/12/2020 20:00,61.8,5.65,25.1,0,0.6,10.419,9.834,33.101
13/12/2020 21:00,9,3.7,21.9,0,0.4,10.432,9.84,15.686
13/12/2020 22:00,4,3.02,17.4,0,0.5,10.438,9.844,2.77
13/12/2020 23:00,NaN,NaN,NaN,NaN,NaN,10.436,9.845,1.153
14/12/2020 00:00,3.8,2.76,13.4,0,0.4,10.437,9.845,0.271
14/12/2020 01:00,3.5,2.68,13.3,0,0.4,10.437,9.845,0
14/12/2020 02:00,3.3,2.42,13.2,0,0.3,10.438,9.845,0
14/12/2020 03:00,3.8,2.65,14.3,0,0.4,10.437,9.846,0.171
14/12/2020 04:00,3.7,3.07,15.7,0,0.4,10.436,9.845,2.232
14/12/2020 05:00,3.8,3.19,16.6,0,0.4,10.437,9.845,3.802
14/12/2020 06:00,3.8,2.96,16.9,0,0.4,10.44,9.845,4.777
14/12/2020 07:00,3.6,3.12,17.4,0,0.4,10.441,9.845,6.758
14/12/2020 08:00,40.5,4.32,19.3,1.1,0.5,10.432,9.845,21.473
14/12/2020 09:00,50.5,5.3,20.4,43.3,0.7,10.424,9.844,37.909
14/12/2020 10:00,57.9,5.53,21.1,190.8,0.7,10.427,9.843,48.021
14/12/2020 11:00,65.5,5.7,21.6,310.5,0.6,10.427,9.843,59.409
14/12/2020 12:00,56.2,5.32,21.6,161,0.5,10.429,9.842,60.851
14/12/2020 13:00,58.3,5.28,21.9,247.9,0.5,10.431,9.842,59.579
14/12/2020 14:00,58.4,5.07,21.6,121.4,0.5,10.433,9.843,56.516
14/12/2020 15:00,66.5,5.22,22.4,55.2,0.6,10.44,9.838,44.708
14/12/2020 16:00,88.5,5.87,25.6,11.4,0.6,10.447,9.833,39.363
14/12/2020 17:00,94.2,4.87,25.7,0,0.4,10.451,9.834,34.388
14/12/2020 18:00,94.9,4.77,25.6,0,0.4,10.454,9.835,32.566
14/12/2020 19:00,94.9,4.71,25.5,0,0.4,10.456,9.835,30.817
14/12/2020 20:00,94.6,4.57,25.4,0,0.4,10.458,9.836,29.637
14/12/2020 21:00,11.7,3.25,22.9,0,0.4,10.471,9.842,14.621
14/12/2020 22:00,3.7,3.08,18.4,0,0.5,10.477,9.846,3.438
14/12/2020 23:00,NaN,NaN,NaN,NaN,NaN,10.475,9.848,2.741
15/12/2020 00:00,3.4,2.58,14,0,0.4,10.477,9.848,0.538
15/12/2020 01:00,3.4,2.61,14.1,0,0.4,10.477,9.848,0
15/12/2020 02:00,3.8,2.71,14.2,0,0.4,10.475,9.848,0
15/12/2020 03:00,3.8,2.69,14.8,0,0.4,10.475,9.848,0
15/12/2020 04:00,3.7,2.54,16.1,0,0.4,10.478,9.849,0
15/12/2020 05:00,3.7,3.02,17.7,0,0.4,10.48,9.849,0.799
15/12/2020 06:00,3.6,2.58,17.6,0,0.3,10.482,9.848,0.908
15/12/2020 07:00,4,2.93,18.4,0,0.4,10.483,9.849,4.646
15/12/2020 08:00,76.5,5.06,20.6,0.4,0.6,10.473,9.847,23.285
15/12/2020 09:00,88.8,5.89,21.6,24.4,0.6,10.466,9.844,40.715
15/12/2020 10:00,91.5,5.92,21.8,66.8,0.6,10.47,9.841,46.733
15/12/2020 11:00,93.8,4.93,22,81.6,0.5,10.475,9.843,45.735
15/12/2020 12:00,95.7,4.8,22.4,112.3,0.5,10.478,9.844,47.128
15/12/2020 13:00,98.6,5,22.4,190.8,0.5,10.474,9.844,56.077
15/12/2020 14:00,96,5.5,23,233.2,0.6,10.47,9.845,59.268
15/12/2020 15:00,87.5,5.22,22.6,117.1,0.5,10.472,9.846,51.166
15/12/2020 16:00,85.5,4.94,24.8,13.4,0.4,10.478,9.846,40.877
15/12/2020 17:00,90.7,4.15,25.2,0,0.4,10.482,9.846,33.783
15/12/2020 18:00,92.2,3.93,25,0,0.3,10.484,9.846,32.775
15/12/2020 19:00,92.5,3.93,24.8,0,0.3,10.486,9.846,31.169
15/12/2020 20:00,92.3,4.15,24.8,0,0.4,10.486,9.846,30.683
15/12/2020 21:00,11.8,3.22,22.4,0,0.4,10.497,9.852,15.286
15/12/2020 22:00,3.6,3.1,18.9,0,0.4,10.503,9.855,4.868
15/12/2020 23:00,NaN,NaN,NaN,NaN,NaN,10.497,9.856,6.164
16/12/2020 00:00,3.3,3.35,14.7,0,0.5,10.499,9.857,5.43
16/12/2020 01:00,3.4,3.2,14.1,0,0.5,10.5,9.857,4.236
16/12/2020 02:00,3.4,3.18,13.9,0,0.5,10.5,9.857,3.689
16/12/2020 03:00,3.6,3.03,14.1,0,0.4,10.5,9.857,3.563
16/12/2020 04:00,3.5,3.49,15.4,0,0.4,10.501,9.857,4.639
16/12/2020 05:00,3.7,4.05,16.6,0,0.5,10.501,9.857,7.086
16/12/2020 06:00,3.8,4,17.5,0,0.5,10.501,9.857,8.948
16/12/2020 07:00,3.5,4.17,17.8,0,0.5,10.503,9.857,9.088
16/12/2020 08:00,76.4,5.37,19.3,0.3,0.7,10.494,9.854,23.208
16/12/2020 09:00,91.8,6.04,20.5,33.9,0.8,10.486,9.85,39.278
16/12/2020 10:00,97.3,6.11,21.1,110,0.7,10.488,9.849,48.701
16/12/2020 11:00,104.8,5.74,21.7,223.8,0.6,10.492,9.849,54.815
16/12/2020 12:00,113.1,6.25,22.1,335.5,0.7,10.489,9.849,69.658
16/12/2020 13:00,103.8,6.27,21.8,236.9,0.7,10.49,9.849,68.327
16/12/2020 14:00,98,5.78,21.9,213.2,0.6,10.493,9.849,59.748
16/12/2020 15:00,93,5.47,22,78.8,0.6,10.496,9.85,50.969
16/12/2020 16:00,89,5.84,24.3,9.7,0.6,10.499,9.85,44.822
16/12/2020 17:00,94.3,5.17,24.9,0,0.5,10.503,9.85,39.468
16/12/2020 18:00,94.8,5.57,25.4,0,0.6,10.505,9.85,39.461
16/12/2020 19:00,94.8,5.53,25.6,0,0.6,10.508,9.85,35.347
16/12/2020 20:00,94.4,5.5,25.6,0,0.6,10.508,9.85,32.467
16/12/2020 21:00,11.8,3.93,23.2,0,0.6,10.521,9.856,15.878
16/12/2020 22:00,3.8,4.15,18.9,0,0.7,10.527,9.86,2.985
16/12/2020 23:00,NaN,NaN,NaN,NaN,NaN,10.525,9.861,2.134
17/12/2020 00:00,3.3,3.41,15.5,0,0.5,10.527,9.861,1.191
17/12/2020 01:00,3.9,3.17,15.7,0,0.5,10.528,9.861,0
17/12/2020 02:00,3.9,2.99,15.8,0,0.4,10.528,9.861,0
17/12/2020 03:00,3.4,2.86,15.9,0,0.4,10.528,9.862,0
17/12/2020 04:00,3.5,3.11,16.5,0,0.4,10.528,9.862,0.097
17/12/2020 05:00,3.7,3.07,17.1,0,0.4,10.528,9.862,1.279
17/12/2020 06:00,4,3.12,17.4,0,0.4,10.528,9.862,3.31
17/12/2020 07:00,3.7,3.53,18.2,0,0.5,10.529,9.862,8.888
17/12/2020 08:00,75.8,5.12,19.7,0.7,0.6,10.521,9.861,25.795
17/12/2020 09:00,89.5,6.09,20.8,39.4,0.7,10.513,9.858,44.12
17/12/2020 10:00,96.3,6.19,21.2,175.2,0.7,10.515,9.856,52.996
17/12/2020 11:00,95.3,5.18,21.6,122.7,0.5,10.519,9.856,55.181
17/12/2020 12:00,101.7,5.15,22.3,233.1,0.6,10.52,9.856,60.336
17/12/2020 13:00,100.5,5.51,22.4,275.8,0.6,10.519,9.856,68.244
17/12/2020 14:00,95.9,5.8,22.3,242.8,0.6,10.52,9.856,67.894
17/12/2020 15:00,89.7,5.25,22.6,113.4,0.6,10.523,9.856,59.651
17/12/2020 16:00,86.4,4.64,24.5,11,0.4,10.528,9.856,44.962
17/12/2020 17:00,89.9,4.25,25,0,0.4,10.531,9.856,39.034
17/12/2020 18:00,90.2,3.86,24.9,0,0.3,10.533,9.856,36.093
17/12/2020 19:00,89.8,3.66,24.9,0,0.3,10.535,9.857,33.044
17/12/2020 20:00,89.2,3.85,25,0,0.3,10.535,9.857,31.869
17/12/2020 21:00,11.3,3.2,22.8,0,0.4,10.547,9.862,16.919
17/12/2020 22:00,3.9,3.52,19.1,0,0.5,10.552,9.865,6.751
17/12/2020 23:00,NaN,NaN,NaN,NaN,NaN,10.548,9.867,6.928
18/12/2020 00:00,4,3.42,14,0,0.5,10.551,9.867,5.366
18/12/2020 01:00,3.9,3.2,13.8,0,0.5,10.55,9.868,4.214
18/12/2020 02:00,3.4,3.07,13.5,0,0.5,10.55,9.868,3.486
18/12/2020 03:00,3.5,3.29,14.2,0,0.4,10.549,9.868,4.16
18/12/2020 04:00,3.5,3.76,15.5,0,0.5,10.549,9.868,6.129
18/12/2020 05:00,3.3,4.13,16.8,0,0.5,10.55,9.868,8.122
18/12/2020 06:00,3.2,4.13,16.9,0,0.5,10.551,9.867,9.094
18/12/2020 07:00,3.6,4.22,17.6,0,0.5,10.551,9.867,10.259
18/12/2020 08:00,72.8,5.46,19.4,0.7,0.7,10.543,9.866,24.83
18/12/2020 09:00,87.8,6.19,20.3,58.9,0.8,10.535,9.864,43.937
18/12/2020 10:00,93,6.36,21.1,172.3,0.8,10.536,9.862,52.65
18/12/2020 11:00,102.5,6.06,21.8,287.9,0.7,10.538,9.861,61.269
18/12/2020 12:00,106.6,6.5,22,345.3,0.7,10.536,9.861,73.602
18/12/2020 13:00,100.2,6.77,22,335.3,0.7,10.536,9.861,74.606
18/12/2020 14:00,83.9,6.16,22.3,179.7,0.8,10.531,9.862,64.532
18/12/2020 15:00,80.8,6.36,22.1,72.8,0.8,10.528,9.867,53.286
18/12/2020 16:00,76.8,6.58,24.6,11.2,0.6,10.528,9.868,45.321
18/12/2020 17:00,82.3,5.75,25.1,0,0.6,10.53,9.868,44.003
18/12/2020 18:00,82.2,5.84,25.5,0,0.6,10.53,9.868,43.532
18/12/2020 19:00,83.2,5.06,24.9,0,0.5,10.533,9.868,39.183
18/12/2020 20:00,83.3,5.52,24.6,0,0.5,10.531,9.868,38.682
18/12/2020 21:00,11,4.76,22.2,0,0.6,10.542,9.87,20.371
18/12/2020 22:00,4,4.97,18.4,0,0.8,10.547,9.872,5.038
18/12/2020 23:00,NaN,NaN,NaN,NaN,NaN,10.547,9.874,2.344
19/12/2020 00:00,3.5,3.9,13.9,0,0.6,10.548,9.874,0.496
19/12/2020 01:00,3.8,3.72,13.6,0,0.5,10.548,9.874,0
19/12/2020 02:00,3.8,3.41,13.4,0,0.5,10.548,9.875,0
19/12/2020 03:00,3.5,3.77,14.3,0,0.5,10.546,9.875,0.738
19/12/2020 04:00,3.3,4.54,15.7,0,0.6,10.544,9.874,4.248
19/12/2020 05:00,3.8,4.94,16.9,0,0.7,10.546,9.874,6.368
19/12/2020 06:00,3.6,4.75,17.5,0,0.7,10.547,9.874,7.302
19/12/2020 07:00,4.1,4.82,17.8,0,0.7,10.548,9.874,10.619
19/12/2020 08:00,64.4,6.07,19.3,1.7,0.8,10.539,9.873,26.677
19/12/2020 09:00,77.6,6.79,20.3,44.3,0.9,10.529,9.871,45.08
19/12/2020 10:00,78.9,6.74,21.1,76.4,0.9,10.533,9.869,48.212
19/12/2020 11:00,84.4,6.31,21.5,156.8,0.7,10.536,9.869,54.663
19/12/2020 12:00,77.1,5.41,21.6,67.2,0.6,10.54,9.869,52.921
19/12/2020 13:00,76.8,4.74,21.6,65.5,0.6,10.544,9.869,47.228
19/12/2020 14:00,81.6,5,21.9,127.4,0.6,10.542,9.869,51.255
19/12/2020 15:00,78,5.28,22.2,83.8,0.6,10.543,9.869,52.656
19/12/2020 16:00,73.8,5.73,24.3,14.2,0.6,10.544,9.869,46.051
19/12/2020 17:00,80.1,4.96,25,0,0.5,10.546,9.868,42.203
19/12/2020 18:00,80.3,4.6,24.9,0,0.4,10.547,9.868,41.872
19/12/2020 19:00,79.4,4.67,24.9,0,0.4,10.548,9.868,38.45
19/12/2020 20:00,79.3,4.92,24.9,0,0.4,10.547,9.868,36.886
19/12/2020 21:00,10.8,4.06,22.4,0,0.5,10.559,9.871,19.395
19/12/2020 22:00,3.8,4.24,18.5,0,0.7,10.564,9.875,4.536
19/12/2020 23:00,NaN,NaN,NaN,NaN,NaN,10.564,9.876,1.841
20/12/2020 00:00,3.4,3.31,14.2,0,0.5,10.565,9.877,1.28
20/12/2020 01:00,3.8,3.2,13.9,0,0.5,10.564,9.877,0.686
20/12/2020 02:00,3.3,2.94,13.7,0,0.4,10.564,9.877,0.401
20/12/2020 03:00,3.3,3.29,14.4,0,0.4,10.563,9.878,1.832
20/12/2020 04:00,3.7,3.36,15.5,0,0.5,10.563,9.878,3.346
20/12/2020 05:00,3.7,4.01,16.6,0,0.5,10.563,9.878,5.778
20/12/2020 06:00,3.6,4.06,16.9,0,0.5,10.563,9.877,7.895
20/12/2020 07:00,3.3,4.39,17.5,0,0.6,10.563,9.877,11.283
20/12/2020 08:00,63.5,5.69,19.4,0.5,0.8,10.553,9.876,27.586
20/12/2020 09:00,75.5,6.29,20.6,35.4,0.9,10.545,9.875,44.965
20/12/2020 10:00,81.3,6.14,21,95.2,0.8,10.547,9.873,52.044
20/12/2020 11:00,92.8,5.8,21.6,246.3,0.7,10.548,9.872,64.854
20/12/2020 12:00,89.1,5.42,21.9,179.6,0.6,10.549,9.872,67.217
20/12/2020 13:00,85.6,5.41,22,154.8,0.6,10.551,9.872,67.146
20/12/2020 14:00,79.9,4.92,22,76.8,0.6,10.553,9.872,60.407
20/12/2020 15:00,77.8,5.06,22.3,68,0.6,10.554,9.872,58.083
20/12/2020 16:00,72.6,5.17,24.5,10.8,0.5,10.555,9.871,51.462
20/12/2020 17:00,76.1,4.16,24.9,0,0.4,10.557,9.871,44.878
20/12/2020 18:00,75.9,4.14,25.3,0,0.4,10.557,9.871,47.861
20/12/2020 19:00,76.1,3.84,25.1,0,0.3,10.559,9.871,43.488
20/12/2020 20:00,74.9,3.94,25,0,0.4,10.558,9.871,42.217
20/12/2020 21:00,9.9,3.39,22.6,0,0.4,10.568,9.873,25.345
20/12/2020 22:00,3.8,4.06,18.8,0,0.5,10.573,9.877,14.577
20/12/2020 23:00,NaN,NaN,NaN,NaN,NaN,10.57,9.878,14.668
21/12/2020 00:00,3.9,3.97,13.6,0,0.5,10.571,9.878,12.158
21/12/2020 01:00,3.6,3.84,13.4,0,0.5,10.571,9.878,9.932
21/12/2020 02:00,3.6,3.66,13.5,0,0.5,10.571,9.878,8.89
21/12/2020 03:00,3.4,3.48,14.4,0,0.5,10.57,9.878,8.799
21/12/2020 04:00,3.5,3.85,15.8,0,0.6,10.57,9.878,11.44
21/12/2020 05:00,3.8,4.03,16.9,0,0.6,10.57,9.878,13.97
21/12/2020 06:00,3.6,3.85,17.1,0,0.5,10.571,9.878,16.005
21/12/2020 07:00,3.9,4.02,17.6,0,0.6,10.571,9.878,13.518
21/12/2020 08:00,59.7,5.52,19,0,0.7,10.562,9.876,27.364
21/12/2020 09:00,62.8,6.22,20.1,8.4,0.8,10.517,9.875,41.318
21/12/2020 10:00,73.1,6.11,20.7,23.3,0.8,10.437,9.878,40.51
21/12/2020 11:00,84.6,5.41,20.8,41.3,0.7,10.437,9.88,41.592
21/12/2020 12:00,84.3,5.59,21.2,38.4,0.7,10.44,9.881,45.343
21/12/2020 13:00,84.7,5.69,21.4,46.1,0.7,10.441,9.881,45.483
21/12/2020 14:00,85.1,5.81,21.6,37,0.8,10.444,9.881,43.758
21/12/2020 15:00,83.9,6.53,22.5,19.3,0.9,10.444,9.881,43.969
21/12/2020 16:00,81.1,7.78,25,1.8,0.8,10.447,9.881,39.087
21/12/2020 17:00,86.3,5.94,24.8,0,0.6,10.454,9.882,36.45
21/12/2020 18:00,86.4,5.5,25.1,0,0.6,10.457,9.882,37.261
21/12/2020 19:00,85.7,4.88,25.2,0,0.5,10.462,9.883,33.962
21/12/2020 20:00,85.2,4.75,25.1,0,0.5,10.466,9.883,31.738
21/12/2020 21:00,10.6,3.4,22.4,0,0.4,10.484,9.889,14.012
21/12/2020 22:00,3.8,3.13,18.9,0,0.4,10.498,9.892,0.409
21/12/2020 23:00,NaN,NaN,NaN,NaN,NaN,10.499,9.894,0
22/12/2020 00:00,3.7,2.75,16.7,0,0.4,10.502,9.895,0
22/12/2020 01:00,3.6,2.59,16.6,0,0.3,10.504,9.895,0
22/12/2020 02:00,3.7,2.48,16.7,0,0.3,10.507,9.895,0
22/12/2020 03:00,3.7,2.53,15.8,0,0.3,10.507,9.896,0
22/12/2020 04:00,3.4,2.48,15.8,0,0.3,10.51,9.897,0
22/12/2020 05:00,3.5,2.61,16.7,0,0.3,10.511,9.897,0
22/12/2020 06:00,3.6,2.79,17.3,0,0.3,10.511,9.897,0.557
22/12/2020 07:00,3.7,3.32,17.7,0,0.4,10.515,9.896,10.071
22/12/2020 08:00,66.3,4.86,17.9,0,0.4,10.504,9.892,39.868
22/12/2020 09:00,76.1,5.31,19.1,5.3,0.4,10.495,9.888,58.056
22/12/2020 10:00,78.1,5.28,20.4,44.6,0.4,10.498,9.887,58.789
22/12/2020 11:00,84.1,5.04,20.6,124.3,0.4,10.503,9.887,62.576
22/12/2020 12:00,90.9,5.17,20.9,224.4,0.4,10.503,9.887,71.964
22/12/2020 13:00,89,5.52,20.8,212.8,0.4,10.497,9.884,78.078
22/12/2020 14:00,82.5,5.28,20.9,99.3,0.4,10.493,9.883,69.095
22/12/2020 15:00,77.5,5.35,21.6,39,0.5,10.491,9.882,60.314
22/12/2020 16:00,73,5.34,25.4,3.3,0.5,10.514,9.883,46.027
22/12/2020 17:00,78.3,4.43,25.9,0,0.4,10.53,9.883,39.189
22/12/2020 18:00,77.5,4.03,26,0,0.3,10.536,9.884,36.991
22/12/2020 19:00,76.6,4.28,26,0,0.3,10.542,9.884,34.404
22/12/2020 20:00,75.7,4.49,26,0,0.4,10.544,9.884,32.204
22/12/2020 21:00,10,3,23.3,0,0.3,10.56,9.889,17.053
22/12/2020 22:00,3.9,2.96,19.7,0,0.4,10.571,9.892,6.386
22/12/2020 23:00,NaN,NaN,NaN,NaN,NaN,10.571,9.893,6.405
23/12/2020 00:00,3.8,3,15.2,0,0.4,10.572,9.894,4.922
23/12/2020 01:00,3.7,3.11,15.8,0,0.4,10.572,9.894,4.483
23/12/2020 02:00,3.7,2.82,16.5,0,0.4,10.573,9.894,4.192
23/12/2020 03:00,3.8,2.65,16,0,0.4,10.575,9.894,2.895
23/12/2020 04:00,3.8,2.47,16.6,0,0.4,10.58,9.895,3.798
23/12/2020 05:00,3.4,2.2,17.1,0,0.3,10.584,9.895,2.929
23/12/2020 06:00,3.8,1.97,17.3,0,0.3,10.586,9.895,3.124
23/12/2020 07:00,3.6,2.75,18.4,0,0.4,10.588,9.895,7.441
23/12/2020 08:00,57.1,4.96,20.4,0,0.6,10.58,9.891,26.636
23/12/2020 09:00,67.5,5.23,21.3,1.6,0.6,10.568,9.886,48.901
23/12/2020 10:00,70.1,5.29,22.3,12.8,0.6,10.571,9.884,48.758
23/12/2020 11:00,71.1,4.66,21.9,35,0.5,10.578,9.885,48.666
23/12/2020 12:00,71.1,4.31,21.7,31.5,0.4,10.581,9.886,52.818
23/12/2020 13:00,73.3,4.37,21.7,90.5,0.4,10.587,9.888,55.091
23/12/2020 14:00,74.7,4.99,22.4,112.4,0.6,10.593,9.885,61.259
23/12/2020 15:00,75.3,5.53,22.9,53,0.7,10.598,9.887,57.431
23/12/2020 16:00,70.9,6.14,24.7,8.4,0.7,10.602,9.89,45.846
23/12/2020 17:00,79.2,4.85,25.4,0,0.5,10.607,9.891,38.267
23/12/2020 18:00,81.7,4.73,25.5,0,0.5,10.61,9.891,37.911
23/12/2020 19:00,82.2,4.88,24.8,0,0.5,10.613,9.892,38.199
23/12/2020 20:00,83.2,5.08,24.8,0,0.5,10.613,9.892,37.584
23/12/2020 21:00,10.7,3.33,23,0,0.4,10.627,9.896,19.134
23/12/2020 22:00,3.8,4.29,18.1,0,0.6,10.634,9.9,10.521
23/12/2020 23:00,NaN,NaN,NaN,NaN,NaN,10.633,9.901,9.264
24/12/2020 00:00,3.7,3.79,13.3,0,0.5,10.633,9.901,7.755
24/12/2020 01:00,3.3,3.45,12.9,0,0.4,10.633,9.902,5.838
24/12/2020 02:00,3.5,3.65,12.9,0,0.4,10.634,9.902,6.193
24/12/2020 03:00,3.4,3.45,13.4,0,0.4,10.634,9.902,6.082
24/12/2020 04:00,3.3,3.05,15,0,0.3,10.639,9.902,5.144
24/12/2020 05:00,3.8,4.01,16,0,0.5,10.641,9.901,7.345
24/12/2020 06:00,3.6,4.55,16.4,0,0.6,10.641,9.901,10.71
24/12/2020 07:00,3.6,4.49,17,0,0.5,10.641,9.9,10.801
24/12/2020 08:00,60.8,5.6,17.7,0.4,0.6,10.636,9.897,26.322
24/12/2020 09:00,70.8,5.88,18.5,9.6,0.6,10.621,9.892,48.949
24/12/2020 10:00,71.9,5.89,19.4,39.3,0.5,10.623,9.891,53.39
24/12/2020 11:00,80.7,5.61,20.3,134.8,0.5,10.629,9.891,58.254
24/12/2020 12:00,85.3,5.8,20.7,208.7,0.5,10.628,9.891,68.125
24/12/2020 13:00,84.6,5.88,20.5,214.8,0.5,10.628,9.89,74.496
24/12/2020 14:00,76.5,5,20.5,87.8,0.5,10.635,9.891,63.042
24/12/2020 15:00,73.5,5.63,20.5,68.2,0.6,10.641,9.893,58.582
24/12/2020 16:00,69.2,8.01,22.4,1.3,0.8,10.641,9.89,56.472
24/12/2020 17:00,76.2,8.4,24.3,0,0.9,10.645,9.889,51.852
24/12/2020 18:00,76.6,8.73,24.5,0,1,10.648,9.888,49.027
24/12/2020 19:00,76.4,8.52,24.2,0,0.9,10.651,9.888,45.031
24/12/2020 20:00,75.8,9.58,24.4,0,1.1,10.651,9.888,45.824
24/12/2020 21:00,10.3,7.36,22.4,0,0.9,10.666,9.893,23.301
24/12/2020 22:00,3.8,5.72,17.4,0,0.8,10.68,9.899,3.971
24/12/2020 23:00,NaN,NaN,NaN,NaN,NaN,10.682,9.9,0.216
25/12/2020 00:00,3.3,4.42,12.9,0,0.6,10.683,9.901,0
25/12/2020 01:00,3.3,4.44,12.9,0,0.6,10.683,9.901,0
25/12/2020 02:00,3.5,4.46,12.7,0,0.5,10.682,9.901,0.064
25/12/2020 03:00,3.3,4.34,13.9,0,0.5,10.681,9.901,1.109
25/12/2020 04:00,3.8,4.31,15.1,0,0.5,10.681,9.901,1.885
25/12/2020 05:00,3.9,4.4,16.3,0,0.5,10.684,9.9,3.016
25/12/2020 06:00,3.8,4.18,16.5,0,0.5,10.687,9.9,4.456
25/12/2020 07:00,3.7,4.66,17.1,0,0.6,10.688,9.9,9.846
25/12/2020 08:00,56.5,6.08,18,1,0.7,10.682,9.896,30.06
25/12/2020 09:00,71.8,6.82,18.2,47.9,0.7,10.667,9.892,54.519
25/12/2020 10:00,78.8,7.21,19.3,146.3,0.7,10.67,9.89,60.245
25/12/2020 11:00,84.7,5.81,20.3,244.8,0.5,10.677,9.891,60.872
25/12/2020 12:00,89.8,6.53,20.5,297.3,0.6,10.672,9.889,81.336
25/12/2020 13:00,84.2,6.09,20.6,264.4,0.6,10.677,9.89,76.005
25/12/2020 14:00,80.1,6.09,20.7,279.4,0.6,10.677,9.89,78.97
25/12/2020 15:00,73.3,6.49,20.9,107.3,0.7,10.681,9.89,71.758
25/12/2020 16:00,67.1,7.84,23.7,10.9,0.8,10.689,9.889,57.779
25/12/2020 17:00,72.7,7.29,25.7,0,0.7,10.695,9.888,50.236
25/12/2020 18:00,71.9,5.87,25.3,0,0.6,10.701,9.889,44.537
25/12/2020 19:00,71.8,5.76,25.1,0,0.6,10.705,9.89,41.526
25/12/2020 20:00,72.6,6.52,25.7,0,0.7,10.706,9.89,41.635
25/12/2020 21:00,10.6,4.47,23.1,0,0.5,10.721,9.895,21.541
25/12/2020 22:00,4.2,5.51,18,0,0.7,10.729,9.898,10.121
25/12/2020 23:00,NaN,NaN,NaN,NaN,NaN,10.729,9.899,7.033
26/12/2020 00:00,3.7,4.12,14.6,0,0.5,10.729,9.9,3.883
26/12/2020 01:00,3.8,4.18,13.1,0,0.5,10.73,9.901,1.531
26/12/2020 02:00,3.3,4.6,12.8,0,0.6,10.728,9.901,3.923
26/12/2020 03:00,3.6,4.71,13.7,0,0.6,10.724,9.901,5.54
26/12/2020 04:00,3.4,4.21,15,0,0.5,10.725,9.901,5.378
26/12/2020 05:00,3.6,4.26,16,0,0.5,10.729,9.9,5.826
26/12/2020 06:00,3.8,4.31,16.5,0,0.5,10.731,9.9,7.48
26/12/2020 07:00,3.8,4.73,17.1,0,0.6,10.731,9.9,11.393
26/12/2020 08:00,57,6.25,17.8,0,0.7,10.724,9.896,30.369
26/12/2020 09:00,66.6,6.79,19.3,14.1,0.8,10.712,9.892,51.641
26/12/2020 10:00,68.8,6.29,20.2,56.3,0.7,10.716,9.891,54.334
26/12/2020 11:00,71.9,5.41,21.1,107.1,0.6,10.722,9.891,54.653
26/12/2020 12:00,70.3,4.76,21.4,102.8,0.5,10.725,9.892,56.172
26/12/2020 13:00,67.9,4.46,21.3,88.5,0.5,10.727,9.893,53.611
26/12/2020 14:00,64.9,4.34,21.3,47.8,0.5,10.729,9.894,52.824
26/12/2020 15:00,62.9,4.64,21.3,14.8,0.6,10.731,9.894,52.28
26/12/2020 16:00,62.5,6.9,23.3,0.3,0.8,10.733,9.892,49.426
26/12/2020 17:00,69.7,7.02,24.6,0,0.8,10.736,9.891,47.805
26/12/2020 18:00,70.8,6.87,25,0,0.8,10.736,9.891,50.705
26/12/2020 19:00,71.8,7.2,25.3,0,0.9,10.738,9.891,48.171
26/12/2020 20:00,72.2,7.49,25.4,0,0.9,10.738,9.89,46.048
26/12/2020 21:00,9.8,5.7,22.4,0,0.8,10.749,9.895,22.873
26/12/2020 22:00,4.1,4.64,18.2,0,0.8,10.758,9.899,3.855
26/12/2020 23:00,NaN,NaN,NaN,NaN,NaN,10.759,9.901,0.934
27/12/2020 00:00,3.3,3.77,14.3,0,0.6,10.759,9.902,0.751
27/12/2020 01:00,3.5,3.95,15,0,0.5,10.758,9.902,3.315
27/12/2020 02:00,3.8,3.94,14.8,0,0.6,10.758,9.902,1.305
27/12/2020 03:00,3.5,4.37,14.9,0,0.6,10.757,9.902,4.448
27/12/2020 04:00,3.4,4.48,15.6,0,0.6,10.757,9.902,5.52
27/12/2020 05:00,3.5,4.67,16.5,0,0.6,10.757,9.901,6.254
27/12/2020 06:00,4,5.04,17.1,0,0.7,10.757,9.901,8.829
27/12/2020 07:00,3.8,4.95,17.3,0,0.7,10.757,9.901,12.217
27/12/2020 08:00,55.4,5.54,18.9,0,0.6,10.752,9.897,30.689
27/12/2020 09:00,63.9,5.39,20.9,1.9,0.5,10.741,9.893,52.066
27/12/2020 10:00,63.8,5.28,21.7,11.6,0.5,10.743,9.891,54.319
27/12/2020 11:00,62.7,4.31,21.2,26,0.4,10.748,9.894,51.489
27/12/2020 12:00,63.1,3.82,20.9,39.1,0.4,10.75,9.895,52.122
27/12/2020 13:00,64.3,3.61,20.6,51.2,0.4,10.751,9.896,50.817
27/12/2020 14:00,63.9,4.03,21.1,33.3,0.4,10.754,9.896,48.748
27/12/2020 15:00,62.7,4.23,21.1,10.4,0.5,10.755,9.896,52.99
27/12/2020 16:00,62.3,6.06,23.2,1,0.7,10.755,9.894,54.45
27/12/2020 17:00,69.3,7.13,25.5,0,0.8,10.758,9.893,50.786
27/12/2020 18:00,70.3,5.35,25.7,0,0.5,10.76,9.893,47.169
27/12/2020 19:00,70,4.49,24.7,0,0.4,10.762,9.894,44.57
27/12/2020 20:00,68.9,4.98,24.8,0,0.4,10.762,9.894,42.352
27/12/2020 21:00,9.8,4.02,22.3,0,0.5,10.771,9.899,23.248
27/12/2020 22:00,4.1,4.58,17.5,0,0.6,10.777,9.902,10.034
27/12/2020 23:00,NaN,NaN,NaN,NaN,NaN,10.777,9.903,8.638
28/12/2020 00:00,3.3,4.04,12.6,0,0.5,10.777,9.904,7.347
28/12/2020 01:00,3.3,3.72,12.9,0,0.5,10.777,9.904,7.338
28/12/2020 02:00,3.3,3.85,13.3,0,0.6,10.777,9.903,9.182
28/12/2020 03:00,3.2,4.06,14.1,0,0.6,10.775,9.903,11.393
28/12/2020 04:00,3.4,4.5,15.2,0,0.6,10.775,9.903,11.332
28/12/2020 05:00,3.2,4.82,16.4,0,0.6,10.775,9.903,11.601
28/12/2020 06:00,3.4,4.61,16.9,0,0.6,10.775,9.902,11.939
28/12/2020 07:00,3.5,4.65,17.3,0,0.6,10.775,9.902,11.668
28/12/2020 08:00,52,5.93,18.4,0.3,0.8,10.769,9.899,27.289
28/12/2020 09:00,67.5,6.59,19.4,10.2,0.8,10.754,9.893,49.214
28/12/2020 10:00,82.8,6.95,20.5,29,0.9,10.757,9.889,48.526
28/12/2020 11:00,85.4,6.28,21.3,67.7,0.8,10.762,9.891,52.472
28/12/2020 12:00,87.7,5.88,21.4,91.8,0.7,10.764,9.892,54.499
28/12/2020 13:00,90.7,5.62,21.2,108.1,0.6,10.766,9.893,56.264
28/12/2020 14:00,88.9,5.42,21.3,99.7,0.6,10.769,9.893,54.772
28/12/2020 15:00,85.8,5.69,20.8,83.3,0.6,10.769,9.894,56.984
28/12/2020 16:00,82.2,7.89,22.8,6.8,0.9,10.77,9.893,56.089
28/12/2020 17:00,88.8,8.05,23.9,0,0.9,10.772,9.892,54.875
28/12/2020 18:00,89,7.27,25.1,0,0.8,10.773,9.891,55.772
28/12/2020 19:00,87.1,6.28,25.5,0,0.6,10.778,9.892,47.713
28/12/2020 20:00,87,5.25,25.6,0,0.5,10.779,9.892,44.116
28/12/2020 21:00,11,3.82,22.5,0,0.4,10.789,9.898,20.36
28/12/2020 22:00,3.8,3.91,17.2,0,0.5,10.798,9.903,1.55
28/12/2020 23:00,NaN,NaN,NaN,NaN,NaN,10.798,9.904,0.353
29/12/2020 00:00,3.4,3.85,12.8,0,0.5,10.798,9.904,0
29/12/2020 01:00,3.3,3.68,13.1,0,0.5,10.797,9.905,0.06
29/12/2020 02:00,3.6,3.52,13.2,0,0.4,10.796,9.905,0.097
29/12/2020 03:00,3.8,3.71,14,0,0.5,10.795,9.905,1.008
29/12/2020 04:00,3.5,3.31,15.2,0,0.4,10.796,9.905,0.205
29/12/2020 05:00,3.8,3.26,16.3,0,0.4,10.798,9.904,0.022
29/12/2020 06:00,3.5,3.45,16.4,0,0.4,10.798,9.904,2.755
29/12/2020 07:00,3.6,4,17.3,0,0.5,10.798,9.904,9.708
29/12/2020 08:00,71.7,5.64,18.4,0.3,0.6,10.79,9.9,31.972
29/12/2020 09:00,83.9,6.48,19.4,37.1,0.7,10.779,9.897,50.291
29/12/2020 10:00,86.4,6.35,20.3,92.3,0.7,10.782,9.895,52.999
29/12/2020 11:00,90,6.04,21.1,180.1,0.6,10.786,9.895,56.184
29/12/2020 12:00,98.1,6.18,20.6,277,0.5,10.787,9.895,66.617
29/12/2020 13:00,94.7,6.02,20.3,234.4,0.5,10.786,9.895,68.669
29/12/2020 14:00,87.5,5.47,20.5,107.1,0.5,10.789,9.895,60.304
29/12/2020 15:00,79.6,5.19,21,7.5,0.5,10.793,9.896,53.629
29/12/2020 16:00,80.3,7.19,23.8,4.4,0.7,10.794,9.895,56.836
29/12/2020 17:00,86.2,6.93,24.5,0,0.7,10.795,9.894,56.356
29/12/2020 18:00,86.8,6.05,24.6,0,0.5,10.798,9.894,51.893
29/12/2020 19:00,86.7,6.55,24.3,0,0.6,10.799,9.894,53.089
29/12/2020 20:00,86.9,6.81,24.7,0,0.7,10.8,9.894,49.042
29/12/2020 21:00,10.9,4.89,21.5,0,0.5,10.809,9.899,22.503
29/12/2020 22:00,3.7,4.21,17.1,0,0.5,10.818,9.903,2.614
29/12/2020 23:00,NaN,NaN,NaN,NaN,NaN,10.819,9.905,0
30/12/2020 00:00,3.2,3.63,13.3,0,0.5,10.819,9.905,0
30/12/2020 01:00,3.3,3.55,12.6,0,0.4,10.819,9.906,0
30/12/2020 02:00,3.2,3.92,12.5,0,0.5,10.818,9.906,0
30/12/2020 03:00,3.3,3.76,13.8,0,0.5,10.816,9.906,0.213
30/12/2020 04:00,3.5,3.85,15.4,0,0.5,10.816,9.905,1.493
30/12/2020 05:00,3.3,4.24,16.5,0,0.5,10.816,9.905,2.544
30/12/2020 06:00,3.5,4.4,16.3,0.1,0.6,10.817,9.904,5.02
30/12/2020 07:00,3.7,4.39,17.1,0,0.5,10.817,9.904,9.756
30/12/2020 08:00,69.1,5.17,18.5,0.1,0.5,10.812,9.901,29.602
30/12/2020 09:00,79.7,6.18,18.9,10.1,0.6,10.8,9.898,54.116
30/12/2020 10:00,81.8,5.99,20.2,39.6,0.6,10.804,9.896,54.153
30/12/2020 11:00,83.5,5.17,20.3,69.3,0.5,10.808,9.897,55.495
30/12/2020 12:00,92.1,5.42,20.2,211.6,0.4,10.804,9.897,62.101
30/12/2020 13:00,86.3,5.42,20.2,132.9,0.4,10.794,9.895,65.178
30/12/2020 14:00,84.7,5.39,20.4,90.8,0.4,10.792,9.894,63.825
30/12/2020 15:00,81.4,5.93,20.6,44.3,0.5,10.805,9.894,61.294
30/12/2020 16:00,84.8,8.85,23.3,10.7,0.9,10.813,9.893,55.472
30/12/2020 17:00,93.2,7.98,24.3,0,0.8,10.813,9.895,54.966
30/12/2020 18:00,93.3,6.72,24.8,0,0.6,10.816,9.895,52.201
30/12/2020 19:00,90.6,6.01,25,0,0.6,10.82,9.897,46.238
30/12/2020 20:00,90.3,6.13,25.3,0,0.6,10.82,9.897,42.854
30/12/2020 21:00,11,4.16,22.7,0,0.5,10.827,9.902,19.974
30/12/2020 22:00,4.1,4.23,18.1,0,0.7,10.832,9.906,5.126
30/12/2020 23:00,NaN,NaN,NaN,NaN,NaN,10.832,9.908,2.587
31/12/2020 00:00,3.1,3.59,13.2,0,0.5,10.832,9.909,1.924
31/12/2020 01:00,3.6,3.45,13.2,0,0.5,10.832,9.909,0.448
31/12/2020 02:00,3.3,3.57,13,0,0.5,10.832,9.909,0.086
31/12/2020 03:00,3.5,3.73,13.7,0,0.5,10.832,9.909,1.99
31/12/2020 04:00,3.1,4.13,14.9,0,0.5,10.832,9.908,3.624
31/12/2020 05:00,3.8,4.34,16,0,0.5,10.832,9.908,5.574
31/12/2020 06:00,3.7,4.34,16.6,0,0.5,10.832,9.908,7.125
31/12/2020 07:00,3.8,4.34,17.1,0,0.5,10.833,9.907,10.408
31/12/2020 08:00,72.6,5.56,18.1,0.8,0.6,10.826,9.904,28.609
31/12/2020 09:00,81.4,6.72,19,32.7,0.7,10.815,9.9,45.803
31/12/2020 10:00,88.9,6.77,20.2,188.7,0.7,10.819,9.899,50.167
31/12/2020 11:00,93.4,6.46,21.1,271,0.6,10.823,9.899,52.974
31/12/2020 12:00,94.8,6.78,21,367.4,0.6,10.822,9.899,62.869
31/12/2020 13:00,92.3,7.04,20.6,337.3,0.7,10.821,9.899,64.696
31/12/2020 14:00,88.9,6.76,20.6,260.8,0.6,10.823,9.899,62.884
31/12/2020 15:00,84.5,6.7,21.1,108.1,0.6,10.826,9.899,57.588
31/12/2020 16:00,82.4,6.46,24.3,15.5,0.6,10.831,9.899,49.296
31/12/2020 17:00,85.9,5.23,25.2,0,0.5,10.835,9.9,45.015
31/12/2020 18:00,85.8,4.61,25.1,0,0.4,10.837,9.9,42.973
31/12/2020 19:00,84.8,5.25,25.3,0,0.5,10.839,9.901,43.386
31/12/2020 20:00,84.6,4.96,25.1,0,0.5,10.839,9.901,39.978
31/12/2020 21:00,10.9,3.73,22.5,0,0.5,10.849,9.906,20.327
31/12/2020 22:00,3.8,3.87,17.2,0,0.5,10.855,9.91,7.117
31/12/2020 23:00,NaN,NaN,NaN,NaN,NaN,10.854,9.911,6.406
01/01/2020 00:00,3.5,3.45,12.6,0,0.4,10.854,9.912,6.673
01/01/2021 01:00,3.4,3.42,12.6,0,0.5,10.854,9.912,6.862
01/01/2021 02:00,3.4,3.44,12.7,0,0.5,10.853,9.912,6.452
01/01/2021 03:00,3.5,3.79,13.7,0,0.5,10.853,9.912,7.367
01/01/2021 04:00,3.4,4.09,15.1,0,0.5,10.853,9.912,7.573
01/01/2021 05:00,3.4,4.09,16.2,0,0.5,10.854,9.911,7.91
01/01/2021 06:00,3.6,4.17,16.3,0,0.5,10.855,9.911,8.714
01/01/2021 07:00,3.8,4.55,16.7,0,0.5,10.855,9.911,9.025
01/01/2021 08:00,63.7,5.84,17.6,0,0.6,10.849,9.907,24.301
01/01/2021 09:00,74.5,6.19,18.8,16.2,0.6,10.839,9.904,42.733
01/01/2021 10:00,77.9,6.4,19.5,55.5,0.6,10.842,9.902,45.544
01/01/2021 11:00,81.4,5.51,20.3,181.8,0.4,10.846,9.903,47.984
01/01/2021 12:00,84.4,5.94,20.4,213.7,0.5,10.846,9.903,57.916
01/01/2021 13:00,81.6,5.35,20.6,150.2,0.5,10.848,9.903,52.965
01/01/2021 14:00,77,5.14,20.6,92.3,0.5,10.85,9.903,49.162
01/01/2021 15:00,77,5.51,21.2,71,0.5,10.851,9.904,48.692
01/01/2021 16:00,74.4,6.83,24.3,10.3,0.6,10.852,9.902,49.354
01/01/2021 17:00,76.5,5.7,25.1,0,0.5,10.857,9.902,43.387
01/01/2021 18:00,76.3,4.99,24.8,0,0.5,10.859,9.903,42.078
01/01/2021 19:00,79.3,4.78,24.9,0,0.5,10.861,9.904,38.645
01/01/2021 20:00,78.4,5.08,25.1,0,0.5,10.862,9.904,37.766
01/01/2021 21:00,10.3,4.16,22.4,0,0.5,10.872,9.908,17.58
01/01/2021 22:00,4.1,3.8,18.9,0,0.5,10.88,9.911,2.047
01/01/2021 23:00,NaN,NaN,NaN,NaN,NaN,10.88,9.912,0
02/01/2021 00:00,3.5,3.65,16,0,0.5,10.881,9.913,0
02/01/2021 01:00,3.7,3.45,15.4,0,0.5,10.881,9.913,0
02/01/2021 02:00,3.6,3.22,14.9,0,0.4,10.881,9.913,0
02/01/2021 03:00,3.6,3.44,14.9,0,0.5,10.881,9.914,0
02/01/2021 04:00,3.6,3.44,15.4,0,0.4,10.881,9.914,0
02/01/2021 05:00,3.3,3.62,16.4,0,0.5,10.881,9.913,0.446
02/01/2021 06:00,3.7,3.59,16.7,0,0.5,10.881,9.913,3.206
02/01/2021 07:00,3.5,3.89,17.2,0,0.5,10.881,9.913,9.295
02/01/2021 08:00,57.5,5.21,18.1,0.9,0.5,10.875,9.911,27.368
02/01/2021 09:00,73.3,6.03,19.5,37.8,0.6,10.866,9.908,47.677
02/01/2021 10:00,77.3,5.81,20.8,113.3,0.5,10.871,9.907,47.807
02/01/2021 11:00,79,5.65,20.8,291.7,0.5,10.873,9.907,55.38
02/01/2021 12:00,72.7,5.72,21.1,262.7,0.5,10.871,9.907,61.416
02/01/2021 13:00,72.7,6.02,21.1,317.3,0.6,10.87,9.906,63.291
02/01/2021 14:00,70.8,5.94,20.9,124.3,0.6,10.872,9.906,60.147
02/01/2021 15:00,66,5.23,21.4,90.3,0.5,10.877,9.907,51.841
02/01/2021 16:00,60.8,5.74,24.1,20.3,0.5,10.878,9.907,49.71
02/01/2021 17:00,66.5,4.96,25.2,0,0.4,10.881,9.907,45.931
02/01/2021 18:00,69.5,4.58,25.2,0,0.4,10.883,9.907,44.718
02/01/2021 19:00,69.8,5.05,25.6,0,0.5,10.884,9.907,45.58
02/01/2021 20:00,69.8,4.6,25.3,0,0.4,10.885,9.907,41.138
02/01/2021 21:00,9.7,3.09,22.9,0,0.4,10.895,9.913,20.153
02/01/2021 22:00,3.9,3.27,18.1,0,0.5,10.901,9.917,8.689
02/01/2021 23:00,NaN,NaN,NaN,NaN,NaN,10.9,9.918,7.726
03/01/2020 00:00,3.5,2.78,13.7,0,0.4,10.9,9.919,5.633
03/01/2021 01:00,3.7,2.89,13.2,0,0.4,10.9,9.919,5.201
03/01/2021 02:00,3.5,3.08,13,0,0.4,10.9,9.919,5.374
03/01/2021 03:00,3.5,3.51,13.7,0,0.4,10.898,9.919,7.325
03/01/2021 04:00,3.2,3.63,14.9,0,0.4,10.898,9.919,7.257
03/01/2021 05:00,3.8,4.09,15.7,0,0.5,10.898,9.918,8.733
03/01/2021 06:00,3.8,4.14,16.3,0,0.5,10.899,9.918,10.223
03/01/2021 07:00,3.5,4.3,16.8,0,0.5,10.899,9.918,10.14
03/01/2021 08:00,49.7,5.75,18,0,0.7,10.894,9.915,26.24
03/01/2021 09:00,54.8,6.09,18.9,8,0.7,10.884,9.911,43.089
03/01/2021 10:00,53,5.95,20,29.9,0.6,10.888,9.909,43.42
03/01/2021 11:00,54.9,5.09,20.9,74.7,0.5,10.892,9.91,43.451
03/01/2021 12:00,62.5,5.18,21.3,156.4,0.6,10.893,9.911,50.819
03/01/2021 13:00,56.9,4.95,21.3,82.4,0.5,10.893,9.911,50.345
03/01/2021 14:00,55.3,4.45,21.3,54.8,0.5,10.895,9.911,44.753
03/01/2021 15:00,54.8,4.67,21.7,55.9,0.5,10.897,9.911,46.319
03/01/2021 16:00,53,6.13,23.8,1,0.6,10.897,9.911,49.039
03/01/2021 17:00,59.8,5.62,24.5,0,0.5,10.899,9.91,44.726
03/01/2021 18:00,61.1,5.85,24.5,0,0.6,10.9,9.91,45.174
03/01/2021 19:00,62.8,6.46,24.6,0,0.6,10.9,9.91,44.103
03/01/2021 20:00,63.3,6.44,24.8,0,0.6,10.9,9.91,42.938
03/01/2021 21:00,9.3,4.5,22.1,0,0.6,10.908,9.914,19.744
03/01/2021 22:00,3.9,4.13,17.3,0,0.6,10.915,9.918,4.868
03/01/2021 23:00,NaN,NaN,NaN,NaN,NaN,10.914,9.919,3.979
04/01/2021 00:00,3,3.82,12.8,0,0.5,10.914,9.92,3.634
04/01/2021 01:00,3.3,3.85,12.7,0,0.5,10.913,9.92,2.838
04/01/2021 02:00,3,3.8,12.7,0,0.5,10.913,9.92,2.617
04/01/2021 03:00,3.2,3.97,13.7,0,0.5,10.913,9.92,2.408
04/01/2021 04:00,3.3,4.29,14.9,0,0.5,10.913,9.92,3.86
04/01/2021 05:00,3.5,4.65,16,0,0.6,10.913,9.919,6.268
04/01/2021 06:00,3.8,4.96,16.6,0,0.6,10.913,9.919,8.127
04/01/2021 07:00,3.5,5.18,17.1,0,0.7,10.913,9.919,9.904
04/01/2021 08:00,48.4,5.96,18.1,0.1,0.7,10.907,9.916,27.529
04/01/2021 09:00,54.9,6.36,19,21.8,0.7,10.897,9.912,44.16
04/01/2021 10:00,59.4,6.62,19.9,91.8,0.7,10.899,9.91,47.282
04/01/2021 11:00,60.8,6.12,20.7,129.2,0.6,10.902,9.91,51.864
04/01/2021 12:00,59,5.45,21.1,117.2,0.6,10.905,9.912,52.389
04/01/2021 13:00,47.7,5.18,21,52.8,0.5,10.906,9.911,52.172
04/01/2021 14:00,31.5,5.34,21.2,55.8,0.6,10.906,9.909,50.566
04/01/2021 15:00,31.8,5.4,21.4,30.9,0.6,10.908,9.91,49.674
04/01/2021 16:00,31.5,7.15,23.5,6.3,0.7,10.908,9.91,51.752
04/01/2021 17:00,37.7,7.43,24.8,0,0.8,10.909,9.909,49.762
04/01/2021 18:00,38.3,6.79,25,0,0.7,10.91,9.909,49.099
04/01/2021 19:00,38.2,6.53,24.9,0,0.7,10.912,9.909,47.437
04/01/2021 20:00,38.8,6.8,24.9,0,0.7,10.912,9.909,45.161
04/01/2021 21:00,7.1,4.86,22.3,0,0.7,10.919,9.914,21.429
04/01/2021 22:00,3.4,4.14,17.6,0,0.7,10.925,9.918,4.166
04/01/2021 23:00,NaN,NaN,NaN,NaN,NaN,10.924,9.919,3.257
05/01/2021 00:00,3.6,4.1,12.7,0,0.6,10.924,9.92,3.075
05/01/2021 01:00,3.3,4.2,12.6,0,0.6,10.923,9.92,2.336
05/01/2021 02:00,3.5,4.24,12.6,0,0.6,10.923,9.92,2.048
05/01/2021 03:00,3.3,4.2,13.5,0,0.5,10.923,9.92,1.519
05/01/2021 04:00,3.3,4.33,14.6,0,0.5,10.923,9.92,1.279
05/01/2021 05:00,3.4,4.74,15.6,0,0.5,10.924,9.92,4.172
05/01/2021 06:00,3.5,4.83,16.3,0,0.6,10.924,9.919,6.861
05/01/2021 07:00,3.5,4.76,16.8,0,0.6,10.924,9.919,8.732
05/01/2021 08:00,28.8,5.87,17.8,0,0.7,10.919,9.917,26.91
05/01/2021 09:00,34.4,6.12,18.9,8.8,0.7,10.909,9.913,43.57
05/01/2021 10:00,35.8,5.91,20,49.3,0.7,10.913,9.913,44.359
05/01/2021 11:00,38.8,5.32,20.9,122.4,0.6,10.918,9.913,46.875
05/01/2021 12:00,37.7,4.99,21.3,109.5,0.6,10.92,9.914,49.809
05/01/2021 13:00,36.1,4.67,21.5,76,0.5,10.921,9.914,49.447
05/01/2021 14:00,39.2,4.34,21.6,42.8,0.5,10.923,9.918,45.127
05/01/2021 15:00,46.9,4.66,21.7,21,0.5,10.924,9.92,45.597
05/01/2021 16:00,63.3,6.92,23.7,4.4,0.7,10.926,9.918,49.946
05/01/2021 17:00,68.7,6.53,24.8,0,0.7,10.929,9.918,47.132
05/01/2021 18:00,68.7,6.33,24.8,0,0.7,10.93,9.919,46.236
05/01/2021 19:00,68.7,6.52,24.7,0,0.7,10.932,9.919,45.105
05/01/2021 20:00,68.8,6.82,24.9,0,0.7,10.932,9.919,44.013
05/01/2021 21:00,9.4,4.7,22.5,0,0.7,10.939,9.923,19.454
05/01/2021 22:00,3.8,3.96,17.9,0,0.7,10.945,9.927,2.524
05/01/2021 23:00,NaN,NaN,NaN,NaN,NaN,10.944,9.929,0.484
06/01/2021 00:00,3.1,3.67,12.7,0,0.5,10.944,9.929,1.277
06/01/2021 01:00,3.6,3.73,12.4,0,0.5,10.942,9.929,1.038
06/01/2021 02:00,3.1,3.75,12.5,0,0.5,10.942,9.929,1.125
06/01/2021 03:00,3.2,3.92,13.5,0,0.5,10.942,9.929,1.032
06/01/2021 04:00,3.3,3.77,14.8,0,0.4,10.942,9.929,0.173
06/01/2021 05:00,3.3,4.23,15.7,0,0.5,10.943,9.929,3.447
06/01/2021 06:00,3.8,4.43,16.5,0,0.5,10.944,9.928,6.262
06/01/2021 07:00,3.3,4.56,16.9,0,0.5,10.944,9.928,8.805
06/01/2021 08:00,55,5.86,18,0.2,0.7,10.937,9.927,29.811
06/01/2021 09:00,64.4,6.3,19,19.1,0.7,10.927,9.925,47.007
06/01/2021 10:00,67.8,6.35,20.1,102.7,0.7,10.931,9.924,47.675
06/01/2021 11:00,69.3,6.07,21.1,196.1,0.6,10.935,9.923,50.66
06/01/2021 12:00,68.6,5.8,21.2,174.3,0.6,10.935,9.924,58.29
06/01/2021 13:00,69.9,5.54,21.1,179.8,0.6,10.936,9.916,57.475
06/01/2021 14:00,65.6,5.43,21.2,101.8,0.6,10.935,9.881,55.846
06/01/2021 15:00,62.9,5.52,21.4,45.7,0.5,10.938,9.882,52.566
06/01/2021 16:00,61.1,6.7,24.5,8.3,0.6,10.94,9.882,50.157
06/01/2021 17:00,65.8,5.66,25.4,0,0.6,10.942,9.882,44.994
06/01/2021 18:00,65.8,4.64,25.2,0,0.5,10.944,9.881,42.209
06/01/2021 19:00,66.2,4.81,25.4,0,0.5,10.945,9.878,42.137
06/01/2021 20:00,66.2,4.83,25.3,0,0.5,10.945,9.875,39.628
06/01/2021 21:00,9.5,3.39,23,0,0.5,10.953,9.878,17.498
06/01/2021 22:00,3.7,3.78,17.8,0,0.5,10.958,9.878,4.481
06/01/2021 23:00,NaN,NaN,NaN,NaN,NaN,10.957,9.875,4.338
07/01/2021 00:00,2.9,3.34,12.6,0,0.4,10.956,9.875,3.113
07/01/2021 01:00,3.4,3.16,12.7,0,0.4,10.956,9.875,0.666
07/01/2021 02:00,3,3.54,12.9,0,0.4,10.956,9.875,0.604
07/01/2021 03:00,3.4,3.4,13.6,0,0.4,10.956,9.875,0.812
07/01/2021 04:00,3.1,3.29,14.9,0,0.4,10.956,9.876,0.152
07/01/2021 05:00,3.4,3.7,16,0,0.5,10.957,9.876,1.872
07/01/2021 06:00,3.4,4.07,16.4,0,0.5,10.957,9.876,7.144
07/01/2021 07:00,3.4,4.38,16.7,0,0.5,10.957,9.876,11.304
07/01/2021 08:00,52,5.16,17.7,0,0.5,10.952,9.874,28.321
07/01/2021 09:00,59.9,5.8,18.6,22.5,0.6,10.942,9.868,47.668
07/01/2021 10:00,64.7,6.11,19.5,116.9,0.6,10.944,9.868,50.376
07/01/2021 11:00,64.7,5.31,20.4,144.8,0.5,10.947,9.871,53.534
07/01/2021 12:00,64.1,5.21,20.8,150.1,0.5,10.948,9.873,57.59
07/01/2021 13:00,62.5,5.12,20.9,121.1,0.5,10.949,9.874,58.987
07/01/2021 14:00,61.8,4.73,20.9,80.4,0.5,10.951,9.876,54.565
07/01/2021 15:00,61.3,5.31,21.2,75.3,0.5,10.952,9.877,53.922
07/01/2021 16:00,58.6,6.42,24.1,22.3,0.6,10.953,9.88,51.273
07/01/2021 17:00,62.3,5.84,25.3,0,0.6,10.956,9.884,48.263
07/01/2021 18:00,62.8,5.21,25.2,0,0.6,10.957,9.887,47.514
07/01/2021 19:00,63,5.24,25.1,0,0.6,10.959,9.89,44.661
07/01/2021 20:00,63.2,5.82,25.2,0,0.6,10.958,9.892,45.144
07/01/2021 21:00,9.3,4.41,22.3,0,0.6,10.964,9.9,21.388
07/01/2021 22:00,3.8,4.09,17.5,0,0.6,10.969,9.903,5.016
07/01/2021 23:00,NaN,NaN,NaN,NaN,NaN,10.969,9.903,1.887
08/01/2021 00:00,3.6,3.41,12.7,0,0.4,10.969,9.904,0.714
08/01/2021 01:00,3.3,3.35,12.6,0,0.4,10.969,9.904,0.162
08/01/2021 02:00,3.5,3.37,12.7,0,0.4,10.969,9.905,0.031
08/01/2021 03:00,3.3,3.57,13.4,0,0.4,10.969,9.906,1.341
08/01/2021 04:00,3.6,3.14,14.9,0,0.4,10.969,9.909,1.229
08/01/2021 05:00,3.4,3.9,16,0,0.5,10.97,9.912,3.754
08/01/2021 06:00,3.6,4.22,16.4,0,0.5,10.97,9.913,7.957
08/01/2021 07:00,3.3,4.44,16.9,0,0.5,10.97,9.915,11.569
08/01/2021 08:00,46.4,5.38,18.6,0.5,0.5,10.965,9.917,30.996
08/01/2021 09:00,55.3,5.85,19.3,32.3,0.6,10.953,9.915,52.753
08/01/2021 10:00,60,5.93,20,160.3,0.6,10.956,9.916,53.458
08/01/2021 11:00,63.3,6.25,20.8,325.9,0.6,10.958,9.92,61.113
08/01/2021 12:00,59.3,5.77,20.7,208.2,0.5,10.957,9.923,66.637
08/01/2021 13:00,55.5,5.06,20.8,145.2,0.5,10.961,9.926,62.275
08/01/2021 14:00,55.8,5,22.2,166,0.5,10.964,9.933,56.957
08/01/2021 15:00,56.3,5.56,22.8,118.9,0.6,10.963,9.942,51.277
08/01/2021 16:00,52.5,5.31,24.4,29,0.5,10.965,9.945,47.041
08/01/2021 17:00,55.4,5.13,25,0.1,0.5,10.966,9.95,45.132
08/01/2021 18:00,57.3,4.98,25.2,0,0.5,10.968,9.953,45.472
08/01/2021 19:00,56.9,4.98,25.2,0,0.5,10.969,9.956,43.071
08/01/2021 20:00,56.3,5.27,25.2,0,0.5,10.969,9.957,42.041
08/01/2021 21:00,8.4,3.75,22.6,0,0.5,10.976,9.964,21.637
08/01/2021 22:00,4.1,4.03,17.1,0,0.5,10.981,9.967,8.162
08/01/2021 23:00,NaN,NaN,NaN,NaN,NaN,10.98,9.965,7.655
09/01/2021 00:00,3.3,3.44,12.7,0,0.4,10.979,9.965,7.794
09/01/2021 01:00,3.3,3.38,12.6,0,0.4,10.979,9.966,6.468
09/01/2021 02:00,3.3,3.53,12.9,0,0.4,10.979,9.967,6.777
09/01/2021 03:00,3.3,3.86,13.9,0,0.5,10.979,9.969,8.173
09/01/2021 04:00,3.3,4.31,15.4,0,0.5,10.979,9.97,8.976
09/01/2021 05:00,3.4,4.66,16.9,0,0.5,10.979,9.971,9.837
09/01/2021 06:00,3.3,4.48,17.1,0,0.5,10.979,9.972,10.506
09/01/2021 07:00,3.4,4.82,18,0,0.6,10.979,9.973,9.609
09/01/2021 08:00,39.5,6.55,19,1.3,0.7,10.973,9.971,25.812
09/01/2021 09:00,47.9,7.44,19.8,72.8,0.8,10.962,9.968,40.105
09/01/2021 10:00,51.1,6.95,20.5,193.7,0.7,10.965,9.97,45.992
09/01/2021 11:00,56.5,5.9,21.6,359.2,0.5,10.969,9.974,49.939
09/01/2021 12:00,54.7,5.83,21.9,347.9,0.6,10.968,9.977,57.901
09/01/2021 13:00,55.7,6.21,22,409.3,0.6,10.969,9.979,61.859
09/01/2021 14:00,48.6,6.03,22,210.2,0.6,10.971,9.983,57.26
09/01/2021 15:00,45.3,5.83,22.3,126,0.6,10.974,9.988,51.13
09/01/2021 16:00,43.2,5.53,24.7,36.6,0.5,10.979,9.995,42.597
09/01/2021 17:00,46.8,5.06,25.3,0.1,0.5,10.982,9.999,40.218
09/01/2021 18:00,46.9,5.52,26,0,0.6,10.983,10.003,41.745
09/01/2021 19:00,47.3,5.2,25.8,0,0.6,10.986,10.008,36.187
09/01/2021 20:00,46.9,5.39,25.9,0,0.6,10.987,10.009,35.026
09/01/2021 21:00,7.8,3.75,23.1,0,0.5,10.994,10.017,13.72
09/01/2021 22:00,3.9,4.21,17.8,0,0.6,10.999,10.019,1.624
09/01/2021 23:00,NaN,NaN,NaN,NaN,NaN,10.997,10.018,3.534
10/01/2021 00:00,3.4,4.22,12.2,0,0.5,10.996,10.018,2.53
10/01/2021 01:00,3.4,3.85,12.7,0,0.5,10.996,10.019,1.63
10/01/2021 02:00,3.1,3.92,12.6,0,0.5,10.996,10.02,0.544
10/01/2021 03:00,3.4,4.03,13.4,0,0.5,10.996,10.02,0.548
10/01/2021 04:00,3.7,4.1,15.5,0,0.5,10.996,10.022,0.626
10/01/2021 05:00,3.8,4.64,16.5,0,0.5,10.996,10.022,2.925
10/01/2021 06:00,3.7,4.77,17.1,0,0.6,10.997,10.023,4.499
10/01/2021 07:00,3.4,4.84,17.1,0,0.6,10.998,10.025,6.354
10/01/2021 08:00,34.1,6.28,18.5,1.3,0.7,10.992,10.024,26.272
10/01/2021 09:00,41.7,6.75,19.5,60.3,0.6,10.981,10.022,42.387
10/01/2021 10:00,46.8,6.97,20.3,211.9,0.6,10.984,10.022,47.801
10/01/2021 11:00,43.2,5.56,21.2,131.9,0.5,10.987,10.025,48.515
10/01/2021 12:00,48.4,5.27,21.5,340.8,0.4,10.989,10.029,52.665
10/01/2021 13:00,42.4,5.34,21.7,178.1,0.5,10.988,10.029,57.244
10/01/2021 14:00,38.6,4.76,21.8,87.3,0.4,10.993,10.032,49.862
10/01/2021 15:00,36.4,6.18,22.4,32.8,0.6,10.994,10.033,53.568
10/01/2021 16:00,34.8,6.93,24.5,4.9,0.7,10.994,10.035,45.689
10/01/2021 17:00,40.9,6.78,24.7,0,0.7,10.997,10.037,45.577
10/01/2021 18:00,42.6,5.97,25.1,0,0.6,10.997,10.039,47.544
10/01/2021 19:00,44,5.97,25.1,0,0.6,10.998,10.041,43.828
10/01/2021 20:00,44.5,5.59,25.6,0,0.6,10.999,10.042,39.236
10/01/2021 21:00,7.6,3.84,23.1,0,0.5,11.006,10.047,14.832
10/01/2021 22:00,3.8,3.93,19,0,0.6,11.012,10.049,0.296
10/01/2021 23:00,NaN,NaN,NaN,NaN,NaN,11.011,10.048,0
11/01/2021 00:00,3.7,3.81,15,0,0.5,11.011,10.048,0
11/01/2021 01:00,3.5,3.58,14.1,0,0.5,11.011,10.048,0
11/01/2021 02:00,3.3,3.42,13.9,0,0.5,11.011,10.049,0
11/01/2021 03:00,3.7,3.73,14.4,0,0.5,11.011,10.05,0
11/01/2021 04:00,3.7,3.82,15.8,0,0.5,11.01,10.051,0
11/01/2021 05:00,3.5,4.36,17,0,0.6,11.01,10.052,1.344
11/01/2021 06:00,3.5,4.88,17.3,0,0.6,11.01,10.052,5.481
11/01/2021 07:00,3.6,5.11,17.9,0,0.6,11.01,10.052,10.042
11/01/2021 08:00,28.4,5.72,19.2,0,0.6,11.003,10.052,29.229
11/01/2021 09:00,34.1,5.68,20.3,5.8,0.6,10.993,10.051,45.5
11/01/2021 10:00,43.7,5.91,20.3,17.3,0.6,11,10.053,45.997
11/01/2021 11:00,61.3,3.25,19.7,50.3,0.1,11.028,10.071,26.236
11/01/2021 12:00,61.2,4.38,20.6,64.6,0.3,11.02,10.072,47.408
11/01/2021 13:00,61.3,4.77,21.2,65.2,0.4,11.015,10.072,52.108
11/01/2021 14:00,61.2,4.89,21.3,72.7,0.4,11.018,10.072,50.108
11/01/2021 15:00,60.6,5.03,21.6,27.8,0.5,11.018,10.073,51.874
11/01/2021 16:00,61.7,6.63,24,7.3,0.6,11.016,10.074,55.991
11/01/2021 17:00,66.5,6.23,24.8,0,0.6,11.019,10.075,53.815
11/01/2021 18:00,65.3,5.79,24.8,0,0.6,11.019,10.076,56.277
11/01/2021 19:00,64.3,6.03,24.9,0,0.6,11.02,10.077,54.758
11/01/2021 20:00,66.3,6.27,25.2,0,0.7,11.018,10.077,52.972
11/01/2021 21:00,9.4,5.16,21.5,0,0.7,11.022,10.08,25.983
11/01/2021 22:00,4.1,3.95,16.7,0,0.5,11.027,10.085,7.968
11/01/2021 23:00,NaN,NaN,NaN,NaN,NaN,11.028,10.085,3.463
12/01/2021 00:00,3.4,2.66,13.2,0,0.3,11.028,10.086,2.311
12/01/2021 01:00,3.3,2.42,12.8,0,0.3,11.028,10.086,0.736
12/01/2021 02:00,3.4,2.35,12.3,0,0.3,11.028,10.088,0.159
12/01/2021 03:00,3.4,2.85,13.7,0,0.3,11.029,10.089,1.432
12/01/2021 04:00,3.3,4.09,15.8,0,0.5,11.026,10.088,7.611
12/01/2021 05:00,3.9,4.51,17.2,0,0.5,11.025,10.088,10.366
12/01/2021 06:00,3.7,4.6,17.8,0,0.6,11.025,10.089,12.35
12/01/2021 07:00,3.7,4.24,18.4,0,0.5,11.026,10.089,14.7
12/01/2021 08:00,51.8,5.22,18.8,0.7,0.5,11.021,10.088,31.18
12/01/2021 09:00,64.5,5.6,19.5,46.6,0.5,11.008,10.082,48.794
12/01/2021 10:00,67.2,6.13,20.5,110.3,0.6,11,10.073,51.582
12/01/2021 11:00,78.2,6.7,21.1,261.5,0.6,11,10.075,57.843
12/01/2021 12:00,79.6,6.92,21.2,231.3,0.6,10.997,10.073,63.91
12/01/2021 13:00,79.7,7.53,21.2,312.8,0.7,11.004,10.075,69.557
12/01/2021 14:00,75.5,7.41,21.4,260.6,0.7,11.011,10.079,66
12/01/2021 15:00,68.4,7.15,21.9,131.8,0.7,11.016,10.08,57.388
12/01/2021 16:00,69.1,6.59,24.7,32.1,0.7,11.02,10.084,48.502
12/01/2021 17:00,75.5,6.12,25.4,0.3,0.6,11.024,10.088,43.219
12/01/2021 18:00,74.8,6,25.1,0,0.6,11.026,10.091,41.515
12/01/2021 19:00,75.3,6.22,24.9,0,0.7,11.027,10.092,41.189
12/01/2021 20:00,75.1,6.59,25,0,0.7,11.027,10.092,41.808
12/01/2021 21:00,10,5.28,21.9,0,0.6,11.031,10.094,23.46
12/01/2021 22:00,3.8,5.49,16,0,0.6,11.034,10.096,9.698
12/01/2021 23:00,NaN,NaN,NaN,NaN,NaN,11.033,10.095,7.945
13/01/2021 00:00,3.3,4.87,11.7,0,0.5,11.033,10.095,6.821
13/01/2021 01:00,3.3,4.63,11.6,0,0.5,11.032,10.095,6.71
13/01/2021 02:00,3.1,4.38,11.9,0,0.5,11.032,10.096,7.089
13/01/2021 03:00,3.5,4.55,13.5,0,0.5,11.031,10.097,7.735
13/01/2021 04:00,3.8,4.28,15.6,0,0.5,11.03,10.097,9.175
13/01/2021 05:00,3.3,4.37,16.9,0,0.5,11.031,10.098,10.104
13/01/2021 06:00,3.6,4.41,17.2,0,0.5,11.033,10.098,11.614
13/01/2021 07:00,3.3,4.93,17.8,0,0.6,11.033,10.098,12.581
13/01/2021 08:00,50.6,6.42,18.5,0.8,0.7,11.026,10.095,29.318
13/01/2021 09:00,61.6,7.18,19.5,38.8,0.7,11.013,10.09,44.143
13/01/2021 10:00,64.7,7.48,20.2,170.3,0.7,11.02,10.092,49.491
13/01/2021 11:00,69.2,7,21.3,356.4,0.7,11.025,10.095,53.542
13/01/2021 12:00,70.6,7.51,21.4,427.6,0.7,11.024,10.095,62.333
13/01/2021 13:00,70.8,7.89,21.4,452.1,0.7,11.024,10.096,66.68
13/01/2021 14:00,62.2,7.12,21.5,235.2,0.7,11.028,10.098,60.217
13/01/2021 15:00,58.6,6.76,22.2,85.3,0.7,11.032,10.102,50.897
13/01/2021 16:00,54,7.26,24.7,21.5,0.7,11.033,10.105,44.009
13/01/2021 17:00,58.2,7.05,25.7,0,0.7,11.03,10.105,44.239
13/01/2021 18:00,58.4,6.01,25.6,0,0.6,11.03,10.105,37.977
13/01/2021 19:00,58.8,5.96,25.2,0,0.6,11.025,10.104,36.634
13/01/2021 20:00,58.8,6.3,25,0,0.6,11.018,10.101,35.466
13/01/2021 21:00,8.8,5.05,22.2,0,0.6,11.016,10.1,16.954
13/01/2021 22:00,4,5.46,16.3,0,0.6,11.018,10.101,3.932
13/01/2021 23:00,NaN,NaN,NaN,NaN,NaN,11.019,10.1,0.55
14/01/2021 00:00,3.4,4.07,13.9,0,0.5,11.019,10.101,0
14/01/2021 01:00,3.4,3.67,13.2,0,0.5,11.018,10.1,0
14/01/2021 02:00,3.5,4.27,12.7,0,0.6,11.015,10.1,0
14/01/2021 03:00,3.2,4.23,13.9,0,0.5,11.011,10.1,0
14/01/2021 04:00,3.7,3.99,15.5,0,0.5,11.009,10.1,0
14/01/2021 05:00,3.5,4.28,17,0,0.5,11.007,10.099,0.112
14/01/2021 06:00,3.6,4.28,17.7,0,0.5,11.006,10.099,2.878
14/01/2021 07:00,3.6,4.47,17.9,0,0.6,11.026,10.109,12.423
14/01/2021 08:00,41,6.13,19.2,0.5,0.8,11.034,10.112,30.896
14/01/2021 09:00,50.1,6.82,20,33.3,0.8,11.027,10.109,45.153
14/01/2021 10:00,54.1,7.09,20.1,121.9,0.8,11.028,10.109,48.668
14/01/2021 11:00,54.9,7.33,20.1,150.5,0.8,11.032,10.11,57.907
14/01/2021 12:00,56.7,7.81,20.7,173.4,0.8,11.033,10.111,63.642
14/01/2021 13:00,57.3,7.18,21.2,193.8,0.7,11.036,10.112,63.818
14/01/2021 14:00,53.6,7.17,21,113.4,0.7,11.037,10.114,59.824
14/01/2021 15:00,52.2,7.66,21.9,58,0.8,11.038,10.115,59.949
14/01/2021 16:00,51.6,8.83,23.8,12.3,0.9,11.04,10.117,60.589
14/01/2021 17:00,57.4,9.19,24.9,0,1,11.043,10.118,58.091
14/01/2021 18:00,54.9,7.73,24.9,0,0.7,11.045,10.12,52.885
14/01/2021 19:00,55.3,7.53,24.8,0,0.7,11.048,10.122,48.562
14/01/2021 20:00,57.3,7.31,24.4,0,0.7,11.048,10.122,44.384
14/01/2021 21:00,8.9,5.09,21.4,0,0.5,11.056,10.125,23.696
14/01/2021 22:00,3.7,5.13,15.4,0,0.5,11.063,10.127,10.845
14/01/2021 23:00,NaN,NaN,NaN,NaN,NaN,11.062,10.126,8.031
15/01/2021 00:00,3.4,3.95,11.5,0,0.4,11.062,10.126,7.054
15/01/2021 01:00,3.4,4.07,11.4,0,0.4,11.061,10.127,7.011
15/01/2021 02:00,3.2,4.24,11.5,0,0.5,11.06,10.127,7.725
15/01/2021 03:00,3.6,4.21,13.5,0,0.5,11.059,10.128,7.621
15/01/2021 04:00,3.3,4.43,15.7,0,0.6,11.059,10.129,8.174
15/01/2021 05:00,3.5,4.58,17.2,0,0.6,11.06,10.129,9.88
15/01/2021 06:00,3.4,4.34,17.8,0,0.5,11.062,10.129,10.354
15/01/2021 07:00,4,4.22,18.2,0,0.5,11.064,10.129,9.456
15/01/2021 08:00,37,6.16,18.6,0.5,0.6,11.059,10.127,28.55
15/01/2021 09:00,46.7,7.02,19.8,22.6,0.7,11.048,10.123,41.006
15/01/2021 10:00,46.6,6.8,20.9,40.8,0.7,11.054,10.125,43.104
15/01/2021 11:00,45.9,5.34,21.8,56,0.5,11.062,10.13,40.966
15/01/2021 12:00,46.6,4.79,21.8,63.7,0.4,11.065,10.132,42.027
15/01/2021 13:00,46.8,4.71,21.6,59.4,0.4,11.065,10.133,44.258
15/01/2021 14:00,56.7,4.9,21.6,46,0.4,11.077,10.139,42.582
15/01/2021 15:00,59.7,5.2,22.3,27.1,0.5,11.085,10.142,40.868
15/01/2021 16:00,59.3,5.36,24.9,7.2,0.5,11.087,10.143,40.265
15/01/2021 17:00,65.3,5.09,25.5,0,0.5,11.091,10.146,36.684
15/01/2021 18:00,66,4.94,24.9,0,0.4,11.093,10.147,36.653
15/01/2021 19:00,65.8,4.81,24.7,0,0.4,11.096,10.15,33.701
15/01/2021 20:00,64.8,4.92,24.6,0,0.4,11.096,10.15,33.62
15/01/2021 21:00,63.1,4.91,24.2,0,0.5,11.096,10.149,34.126
15/01/2021 22:00,61.5,4.91,23.3,0,0.5,11.097,10.149,31.104
15/01/2021 23:00,NaN,NaN,NaN,NaN,NaN,11.101,10.151,12.631
16/01/2021 00:00,3.5,4.01,15.6,0,0.5,11.105,10.151,1.78
16/01/2021 01:00,3.4,3.78,12.8,0,0.5,11.104,10.15,0.192
16/01/2021 02:00,3.5,3.49,12.6,0,0.4,11.104,10.151,0.773
16/01/2021 03:00,3.3,3.35,14,0,0.4,11.104,10.153,0
16/01/2021 04:00,3.6,3.52,15.6,0,0.5,11.105,10.154,0
16/01/2021 05:00,3.3,4.18,16.9,0,0.5,11.105,10.154,1.89
16/01/2021 06:00,3.8,4.31,17.6,0,0.6,11.105,10.154,5.095
16/01/2021 07:00,3.5,4.51,18,0,0.6,11.105,10.154,9.085
16/01/2021 08:00,39.8,5.97,19.3,0.1,0.7,11.101,10.152,27.167
16/01/2021 09:00,48,6.37,20.3,19,0.8,11.093,10.146,38.095
16/01/2021 10:00,50.3,6.66,21.2,50.9,0.8,11.097,10.147,43.423
16/01/2021 11:00,51.6,5.62,21.5,90.7,0.6,11.101,10.149,46.549
16/01/2021 12:00,51.6,6.05,21.4,90.1,0.7,11.102,10.149,53.951
16/01/2021 13:00,48.6,6.36,21.5,52.2,0.7,11.102,10.15,53.407
16/01/2021 14:00,48.8,6.34,21.4,40.4,0.6,11.104,10.151,48.02
16/01/2021 15:00,50.7,6.41,21.4,42.7,0.6,11.105,10.152,46.864
16/01/2021 16:00,49.8,7.69,23.5,21.6,0.7,11.105,10.153,54.967
16/01/2021 17:00,56.1,7.88,24.5,0.1,0.8,11.107,10.154,52.506
16/01/2021 18:00,58.3,7.22,24.7,0,0.7,11.109,10.154,50.324
16/01/2021 19:00,59.5,6.59,24.9,0,0.6,11.111,10.156,47.017
16/01/2021 20:00,61.2,5.36,25,0,0.5,11.113,10.156,43.589
16/01/2021 21:00,60.7,5.28,24,0,0.4,11.113,10.156,41.871
16/01/2021 22:00,57.7,5.24,22.9,0,0.5,11.113,10.156,40.651
16/01/2021 23:00,NaN,NaN,NaN,NaN,NaN,11.118,10.157,19.546
17/01/2021 00:00,3.6,3.88,16.3,0,0.5,11.122,10.158,3.707
17/01/2021 01:00,3.3,3.63,14.7,0,0.5,11.122,10.158,2.828
17/01/2021 02:00,3.3,3.28,14.1,0,0.4,11.123,10.16,1.414
17/01/2021 03:00,3.6,3.18,14.3,0,0.4,11.124,10.161,1.213
17/01/2021 04:00,3.7,3.05,16,0,0.4,11.125,10.162,1.183
17/01/2021 05:00,3.8,3.09,17.3,0,0.4,11.128,10.163,0.888
17/01/2021 06:00,3.8,2.85,17.7,0,0.3,11.13,10.163,3.124
17/01/2021 07:00,3.8,3.28,18.2,0,0.4,11.132,10.164,8.965
17/01/2021 08:00,41.1,5.3,18.7,0.6,0.5,11.126,10.162,31.562
17/01/2021 09:00,45.4,6.45,19.5,39.7,0.6,11.117,10.159,46.086
17/01/2021 10:00,47.5,6.79,20,128.3,0.6,11.121,10.159,51.965
17/01/2021 11:00,53.3,5.79,21.1,231.1,0.5,11.127,10.161,55.54
17/01/2021 12:00,55.3,5.72,21.3,229.3,0.4,11.128,10.162,60.634
17/01/2021 13:00,54,5.35,21.4,228.8,0.4,11.129,10.162,60.817
17/01/2021 14:00,58.1,5.93,21.4,377.4,0.5,11.13,10.164,64.016
17/01/2021 15:00,49.6,5.66,22,116.5,0.5,11.131,10.164,60.931
17/01/2021 16:00,47.5,5.33,24.8,21.6,0.4,11.139,10.167,53.132
17/01/2021 17:00,55.8,4.89,25.1,0.4,0.4,11.142,10.17,50.106
17/01/2021 18:00,54.3,4.63,25.1,0,0.4,11.146,10.173,48.19
17/01/2021 19:00,51.8,4.9,24.9,0,0.4,11.148,10.175,44.422
17/01/2021 20:00,51.9,5.38,25,0,0.5,11.149,10.175,42.831
17/01/2021 21:00,50.6,5.52,24.3,0,0.5,11.149,10.175,43.636
17/01/2021 22:00,49.3,5.46,23.1,0,0.5,11.15,10.175,38.514
17/01/2021 23:00,NaN,NaN,NaN,NaN,NaN,11.154,10.177,20.597
18/01/2021 00:00,3.8,4.8,15.7,0,0.5,11.158,10.178,6.401
18/01/2021 01:00,3.4,4.04,13.9,0,0.5,11.158,10.178,1.829
18/01/2021 02:00,3.3,3.53,13.3,0,0.5,11.159,10.18,0.047
18/01/2021 03:00,3.2,3.74,14.1,0,0.5,11.159,10.181,1.83
18/01/2021 04:00,3.1,3.74,15.5,0,0.4,11.16,10.181,4.029
18/01/2021 05:00,3.6,4.37,16.8,0,0.5,11.16,10.182,6.628
18/01/2021 06:00,3.6,4.43,17.3,0,0.6,11.16,10.182,9.03
18/01/2021 07:00,3.7,4.74,17.7,0,0.6,11.16,10.182,13.121
18/01/2021 08:00,39.8,6.01,18.4,0.4,0.6,11.157,10.18,31.176
18/01/2021 09:00,53.9,6.78,19.7,22.2,0.7,11.149,10.175,45.332
18/01/2021 10:00,124.6,7.56,20.8,93.5,0.8,11.157,10.175,50.101
18/01/2021 11:00,131,6.71,21.1,153.6,0.7,11.165,10.177,53.202
18/01/2021 12:00,128.3,6.47,20.6,139.6,0.6,11.165,10.177,58.677
18/01/2021 13:00,129.2,6.31,20.7,129.5,0.6,11.166,10.177,58.67
18/01/2021 14:00,121.9,6.72,21.2,53.6,0.6,11.167,10.178,59.387
18/01/2021 15:00,120.6,6.86,21.7,30,0.7,11.169,10.178,58.893
18/01/2021 16:00,119.6,8.35,24.3,17.7,0.8,11.169,10.18,58.768
18/01/2021 17:00,127.7,7.5,24.3,0,0.7,11.172,10.18,55.452
18/01/2021 18:00,128.9,7.35,24.4,0,0.7,11.175,10.181,56.566
18/01/2021 19:00,128.8,7.04,24.7,0,0.7,11.177,10.183,50.896
18/01/2021 20:00,128.1,6.1,24.7,0,0.6,11.178,10.183,47.857
18/01/2021 21:00,125.6,6.77,23.9,0,0.7,11.179,10.183,48.48
18/01/2021 22:00,125,7.17,23.1,0,0.8,11.178,10.182,43.878
18/01/2021 23:00,,,,,,11.183,10.183,21.368
19/01/2021 00:00,NaN,NaN,NaN,NaN,NaN,11.186,10.184,6.915
19/01/2021 01:00,3.4,4.25,13.1,0,0.6,11.186,10.183,3.288
19/01/2021 02:00,3.7,3.92,12.8,0,0.5,11.186,10.185,2.451
19/01/2021 03:00,3.2,4.53,14.1,0,0.6,11.186,10.186,4.96
19/01/2021 04:00,3.8,5.47,15.6,0,0.7,11.185,10.186,8.259
19/01/2021 05:00,3.8,6.29,17,0,0.8,11.184,10.186,11.185
19/01/2021 06:00,3.8,6.36,17.4,0,0.8,11.184,10.186,12.254
19/01/2021 07:00,3.4,6.27,17.6,0,0.8,11.187,10.186,13.049
19/01/2021 08:00,103.9,7.18,19.1,0,0.8,11.185,10.185,29.965
19/01/2021 09:00,118.7,7.07,21.2,5.4,0.7,11.178,10.182,42.152
19/01/2021 10:00,119.6,7.22,20.1,20.9,0.7,11.182,10.184,48.114
19/01/2021 11:00,120.8,6.6,20.8,38.4,0.6,11.185,10.185,53.424
19/01/2021 12:00,123.3,6.12,21,64.6,0.5,11.187,10.187,53.603
19/01/2021 13:00,132.2,6.24,20.8,148.8,0.5,11.187,10.187,58.687
19/01/2021 14:00,133.6,6.25,21.2,191.3,0.5,11.18,10.191,60.473
19/01/2021 15:00,119.5,6.66,22.4,129.7,0.6,11.154,10.196,59.971
19/01/2021 16:00,119.9,7.84,25.6,26.6,0.7,11.15,10.196,60.951
19/01/2021 17:00,126.7,6.59,25.3,0,0.6,11.153,10.196,57.387
19/01/2021 18:00,126.6,5.89,24.7,0,0.5,11.153,10.197,52.345
19/01/2021 19:00,127.9,6.58,24.8,0,0.7,11.153,10.198,49.683
19/01/2021 20:00,128.6,7.68,25.2,0,0.9,11.153,10.198,52.185
19/01/2021 21:00,130.6,8.8,24.1,0,1.1,11.152,10.197,53.933
19/01/2021 22:00,134.1,9.79,23.5,0,1.3,11.152,10.197,49.356
19/01/2021 23:00,NaN,NaN,NaN,NaN,NaN,11.154,10.197,22.654
20/01/2021 00:00,4,5.11,16.1,0,0.7,11.156,10.199,4.844
20/01/2021 01:00,3.5,4.04,13,0,0.6,11.157,10.199,0.051
20/01/2021 02:00,3.2,3.98,13,0,0.6,11.157,10.2,0.349
20/01/2021 03:00,3.3,5.02,14.6,0,0.7,11.156,10.202,4.39
20/01/2021 04:00,3.5,6.11,16.5,0,0.8,11.156,10.202,8.425
20/01/2021 05:00,4,6.98,17.6,0,0.9,11.156,10.202,11.237
20/01/2021 06:00,3.6,7.12,17.9,0,1,11.156,10.202,13.595
20/01/2021 07:00,3.8,7.31,18.3,0,1,11.156,10.202,16.176
20/01/2021 08:00,110.6,8.18,19.6,1.3,1.1,11.154,10.198,36.629
20/01/2021 09:00,129.4,8.11,20.3,26.3,1.1,11.151,10.196,51.57
20/01/2021 10:00,134.4,8.1,20.7,65.4,1,11.155,10.198,55.185
20/01/2021 11:00,142.7,8.11,21,152.1,0.9,11.155,10.198,64.022
20/01/2021 12:00,146.1,7.85,21,161.3,0.9,11.155,10.198,68.304
20/01/2021 13:00,146.8,8.29,21.4,150.6,1,11.156,10.198,71.064
20/01/2021 14:00,145.9,8.28,21.3,135.8,0.9,11.157,10.198,69.575
20/01/2021 15:00,144.4,9.24,22,106.1,1.1,11.158,10.198,72.751
20/01/2021 16:00,136.9,10.59,24.7,37.5,1.2,11.161,10.199,69.498
20/01/2021 17:00,139.5,10.54,25.6,0.6,1.2,11.165,10.199,67.324
20/01/2021 18:00,138,9.66,25.4,0,1.1,11.167,10.199,66.443
20/01/2021 19:00,140.2,9.83,25.4,0,1.1,11.17,10.199,62.942
20/01/2021 20:00,142.3,9.99,25.7,0,1.2,11.172,10.199,60.159
20/01/2021 21:00,141.9,10.31,24.3,0,1.3,11.173,10.2,57.487
20/01/2021 22:00,143,10.58,22.7,0,1.3,11.174,10.2,49.885
20/01/2021 23:00,NaN,NaN,NaN,NaN,NaN,11.181,10.203,24.28
21/01/2021 00:00,3.8,6.4,16,0,0.9,11.187,10.206,5.392
21/01/2021 01:00,3.7,4.92,13.8,0,0.6,11.189,10.207,1.529
21/01/2021 02:00,3.8,4.05,13.2,0,0.5,11.191,10.209,0
21/01/2021 03:00,3.4,4.31,14.4,0,0.5,11.192,10.21,2.474
21/01/2021 04:00,3.3,4.48,15.9,0,0.6,11.193,10.211,3.762
21/01/2021 05:00,3.8,4.91,17.1,0,0.6,11.193,10.211,6.832
21/01/2021 06:00,4.1,4.74,16.6,0,0.6,11.194,10.211,8.093
21/01/2021 07:00,3.5,5.65,16.2,0,0.7,11.195,10.211,13.812
21/01/2021 08:00,112.7,7.28,17.8,4.4,0.8,11.192,10.209,36.864
21/01/2021 09:00,139.4,8.27,18.9,91.3,0.9,11.187,10.208,58.735
21/01/2021 10:00,152.2,8.24,20.4,243.3,1,11.19,10.208,60.56
21/01/2021 11:00,152.8,8.03,21,214.1,0.9,11.191,10.208,69.193
21/01/2021 12:00,157.3,8.23,21.8,372.6,0.9,11.192,10.208,73.051
21/01/2021 13:00,152.8,8.57,21.7,346.5,1,11.193,10.207,79.811
21/01/2021 14:00,154.4,8.7,21.9,362.1,1,11.193,10.207,79.424
21/01/2021 15:00,140.9,8.54,21.9,114.5,1,11.196,10.206,71.41
21/01/2021 16:00,136.5,9.8,24,21.8,1.1,11.198,10.207,70.877
21/01/2021 17:00,136.7,9.21,24.9,0.3,0.9,11.201,10.207,68.399
21/01/2021 18:00,136.4,7.84,24.7,0,0.9,11.207,10.208,62.368
21/01/2021 19:00,142.6,8.33,25,0,1,11.208,10.208,60.473
21/01/2021 20:00,144.4,8,25.5,0,0.9,11.21,10.208,56.465
21/01/2021 21:00,136.9,6.9,24.4,0,0.7,11.213,10.21,53.362
21/01/2021 22:00,137.8,6.65,23.3,0,0.7,11.215,10.21,46.23
21/01/2021 23:00,NaN,NaN,NaN,NaN,NaN,11.222,10.214,23.377
22/01/2021 00:00,4,5.35,15.6,0,0.6,11.23,10.215,7.731
22/01/2021 01:00,4.1,4.3,12.3,0,0.5,11.231,10.216,2.897
22/01/2021 02:00,3.5,4.09,12,0,0.5,11.231,10.217,2.595
22/01/2021 03:00,3.5,4.27,13,0,0.5,11.231,10.218,4.883
22/01/2021 04:00,3.5,4.68,14.4,0,0.6,11.231,10.219,7.114
22/01/2021 05:00,3.4,5.38,15,0,0.6,11.231,10.219,9.924
22/01/2021 06:00,3.5,5.82,15.7,0,0.7,11.231,10.219,13.102
22/01/2021 07:00,3.3,5.96,16.2,0,0.7,11.231,10.219,14.851
22/01/2021 08:00,118.3,7.09,17.2,2.4,0.7,11.23,10.217,34.899
22/01/2021 09:00,139.3,7.91,18,48.9,0.7,11.227,10.215,54.503
22/01/2021 10:00,147.8,8.01,19.3,185.5,0.7,11.231,10.216,58.644
22/01/2021 11:00,159.8,7.8,20.5,368.1,0.7,11.231,10.216,66.461
22/01/2021 12:00,154.7,7.6,20.8,312.6,0.6,11.231,10.215,74.483
22/01/2021 13:00,153.9,7.69,21.3,422.2,0.7,11.231,10.216,76.99
22/01/2021 14:00,36.3,6.8,20.7,366.3,0.7,11.23,10.216,58.71
22/01/2021 15:00,6.3,6.18,20.4,181.8,0.7,11.239,10.221,39.148
22/01/2021 16:00,4.1,6.95,21.4,56.1,0.8,11.243,10.221,30.522
22/01/2021 17:00,4,5.75,21.3,2.3,0.7,11.247,10.223,20.381
22/01/2021 18:00,4,5.44,17.8,0,0.7,11.248,10.224,17.982
22/01/2021 19:00,4.1,4.4,15.5,0,0.5,11.249,10.226,11.909
22/01/2021 20:00,3.6,3.93,14.5,0,0.5,11.251,10.227,6.944
22/01/2021 21:00,3.4,3.76,13.1,0,0.5,11.252,10.229,6.065
22/01/2021 22:00,3.2,3.41,12.5,0,0.4,11.252,10.229,4.39
22/01/2021 23:00,NaN,NaN,NaN,NaN,NaN,11.252,10.229,3.448
23/01/2021 00:00,3.4,3.29,12.6,0,0.4,11.252,10.229,4.423
23/01/2021 01:00,3.2,3.29,12.8,0,0.4,11.252,10.229,5.009
23/01/2021 02:00,3.5,3.22,13.1,0,0.4,11.253,10.229,6.223
23/01/2021 03:00,3.5,3.47,13.4,0,0.4,11.254,10.23,6.738
23/01/2021 04:00,3.8,4.14,14.5,0,0.5,11.254,10.23,10.704
23/01/2021 05:00,3.7,4.61,15.8,0,0.6,11.254,10.23,12.065
23/01/2021 06:00,3.2,4.47,16.1,0,0.6,11.256,10.23,12.314
23/01/2021 07:00,3.5,4.81,16.6,0,0.6,11.256,10.23,13.087
23/01/2021 08:00,4.2,4.94,17.9,1.3,0.6,11.262,10.233,16.395
23/01/2021 09:00,4.3,4.5,19,40.7,0.5,11.276,10.243,17.332
23/01/2021 10:00,11.2,4.68,20,155.7,0.5,11.276,10.242,22.463
23/01/2021 11:00,43.9,4.86,21.6,316.1,0.5,11.275,10.241,28.073
23/01/2021 12:00,137.7,6.51,22.9,322.4,0.6,11.273,10.238,53.931
23/01/2021 13:00,131.3,5.89,24.4,311.4,0.5,11.274,10.239,59.39
23/01/2021 14:00,120.9,5.94,24.5,183.3,0.5,11.277,10.24,56.416
23/01/2021 15:00,112.9,5.93,24.7,78.1,0.5,11.28,10.242,50.589
23/01/2021 16:00,107.3,5.56,24.9,25.8,0.5,11.281,10.243,48.85
23/01/2021 17:00,113.2,5.49,25.5,0.5,0.5,11.283,10.244,43.829
23/01/2021 18:00,111.4,5.28,25.8,0,0.5,11.283,10.244,41.992
23/01/2021 19:00,112.8,5,25.6,0,0.4,11.283,10.243,41.585
23/01/2021 20:00,13.3,3.73,23.3,0,0.4,11.288,10.248,18.218
23/01/2021 21:00,4,4.54,17.2,0,0.6,11.291,10.249,11.002
23/01/2021 22:00,3.5,3.91,12.7,0,0.4,11.289,10.249,8.595
23/01/2021 23:00,NaN,NaN,NaN,NaN,NaN,11.289,10.25,6.205
24/01/2021 00:00,3.2,3.35,12.8,0,0.4,11.289,10.251,3.659
24/01/2021 01:00,3.4,3.35,12.7,0,0.4,11.289,10.251,3.188
24/01/2021 02:00,3.2,3.38,13,0,0.4,11.289,10.252,3.591
24/01/2021 03:00,3.2,3,13.7,0,0.3,11.29,10.252,1.294
24/01/2021 04:00,3.3,3.37,14.7,0,0.4,11.29,10.251,2.128
24/01/2021 05:00,3.8,3.52,15.7,0,0.4,11.29,10.25,5.588
24/01/2021 06:00,3.7,4.37,16.3,0,0.5,11.29,10.249,11.791
24/01/2021 07:00,3.4,4.3,16.9,0,0.5,11.29,10.248,13.682
24/01/2021 08:00,84,5.61,18.3,3.8,0.6,11.286,10.244,37.029
24/01/2021 09:00,100.2,6.72,19.8,95.5,0.6,11.28,10.241,58.872
24/01/2021 10:00,105.1,6.15,22.1,228.3,0.5,11.282,10.242,57.55
24/01/2021 11:00,111.2,4.94,23.8,368.4,0.3,11.284,10.241,60.268
24/01/2021 12:00,111.8,5.55,24.3,307.3,0.4,11.283,10.24,68.071
24/01/2021 13:00,101.3,4.98,24.3,187,0.4,11.284,10.241,60.853
24/01/2021 14:00,105.3,5.03,24.3,197.1,0.5,11.286,10.242,59.773
24/01/2021 15:00,98,5.02,24.4,110.3,0.5,11.286,10.242,58.38
24/01/2021 16:00,94.3,4.94,24.5,29.4,0.4,11.289,10.243,52.313
24/01/2021 17:00,101.1,4.95,24.8,0.9,0.5,11.292,10.245,43.667
24/01/2021 18:00,101.9,4.8,24.8,0,0.5,11.292,10.243,42.227
24/01/2021 19:00,103.6,4.75,24.5,0,0.5,11.292,10.242,43.453
24/01/2021 20:00,12.4,4.15,21.4,0,0.6,11.293,10.245,22.152
24/01/2021 21:00,3.8,3.96,16.4,0,0.6,11.294,10.246,11.263
24/01/2021 22:00,3.3,3.53,13.3,0,0.6,11.294,10.244,8.167
24/01/2021 23:00,NaN,NaN,NaN,NaN,NaN,11.294,10.244,10.37
25/01/2021 00:00,3.3,3.69,12.3,0,0.4,11.294,10.246,8.456
25/01/2021 01:00,3.4,3.29,12.8,0,0.4,11.294,10.246,5.777
25/01/2021 02:00,3.5,3.08,12.9,0,0.4,11.295,10.247,5.09
25/01/2021 03:00,3.4,3.39,13.5,0,0.4,11.296,10.247,5.322
25/01/2021 04:00,3.3,4.08,14.4,0,0.4,11.295,10.246,9.118
25/01/2021 05:00,3.8,4.28,15.6,0,0.5,11.295,10.245,10.654
25/01/2021 06:00,3.5,4.4,16.1,0,0.5,11.295,10.245,12.193
25/01/2021 07:00,3.7,4.52,16.6,0,0.5,11.295,10.243,13.06
25/01/2021 08:00,73.9,6.15,18.5,6.8,0.6,11.29,10.238,34.314
25/01/2021 09:00,86.6,7.06,20.3,116.3,0.7,11.287,10.236,51.542
25/01/2021 10:00,93,6.4,22.3,270.8,0.6,11.287,10.237,53.84
25/01/2021 11:00,103.9,5.06,24,360.5,0.3,11.288,10.237,57.673
25/01/2021 12:00,111.8,5.58,24.5,491.3,0.4,11.287,10.235,67.045
25/01/2021 13:00,117.4,5.91,24.4,364.8,0.5,11.288,10.234,67.961
25/01/2021 14:00,136.8,5.79,24.5,430.8,0.5,11.289,10.23,63.939
25/01/2021 15:00,129.1,5.38,24.6,165.8,0.5,11.289,10.231,55.514
25/01/2021 16:00,118.7,4.77,25.1,50.6,0.4,11.289,10.234,47.12
25/01/2021 17:00,124.5,4.85,25.3,4.4,0.5,11.291,10.234,41.094
25/01/2021 18:00,125.3,5.09,25.3,0,0.5,11.291,10.232,37.841
25/01/2021 19:00,126.5,5.09,25.1,0,0.5,11.291,10.231,37.488
25/01/2021 20:00,14.5,4.32,22.4,0,0.4,11.292,10.234,17.696
25/01/2021 21:00,4.1,5.12,16.3,0,0.6,11.293,10.235,8.812
25/01/2021 22:00,3.5,4.39,12.1,0,0.4,11.294,10.234,6.705
25/01/2021 23:00,NaN,NaN,NaN,NaN,NaN,11.294,10.235,5.697
26/01/2021 00:00,3.3,3.52,12.3,0,0.4,11.294,10.237,3.283
26/01/2021 01:00,3.4,3.75,12.3,0,0.4,11.294,10.236,2.501
26/01/2021 02:00,3.3,3.69,12.5,0,0.4,11.294,10.238,3.193
26/01/2021 03:00,3.5,3.16,14,0,0.4,11.295,10.239,0.934
26/01/2021 04:00,3.4,3.21,15.3,0,0.4,11.295,10.238,1.027
26/01/2021 05:00,3.3,3.32,16.4,0,0.4,11.295,10.237,3.13
26/01/2021 06:00,3.8,3.25,16.6,0,0.4,11.295,10.237,5.458
26/01/2021 07:00,3.8,3.58,17.3,0,0.5,11.295,10.236,10.728
26/01/2021 08:00,102.8,5.13,18.5,0,0.5,11.292,10.231,33.544
26/01/2021 09:00,121.1,5.59,20.4,40.1,0.5,11.289,10.23,49.288
26/01/2021 10:00,133.8,5.36,22.1,154.8,0.5,11.29,10.231,53.629
26/01/2021 11:00,142.5,4.44,23.7,299.8,0.3,11.294,10.233,51.645
26/01/2021 12:00,144.8,4.52,24.4,383.8,0.3,11.294,10.23,62.208
26/01/2021 13:00,144.2,5.04,24.4,489,0.4,11.294,10.23,70.002
26/01/2021 14:00,133.1,4.98,24.3,351,0.4,11.294,10.232,65.529
26/01/2021 15:00,118.4,4.92,24.3,139.6,0.4,11.3,10.236,51.612
26/01/2021 16:00,119.1,4.5,25,52.8,0.4,11.302,10.237,43.537
26/01/2021 17:00,124.8,4.59,24.9,1.8,0.4,11.302,10.236,39.539
26/01/2021 18:00,125.9,4.54,25.2,0,0.4,11.302,10.236,37.679
26/01/2021 19:00,127.3,4.48,25,0,0.4,11.302,10.235,37.032
26/01/2021 20:00,14.4,3.69,22.4,0,0.4,11.305,10.238,16.899
26/01/2021 21:00,3.9,4.02,17.6,0,0.6,11.307,10.239,7.149
26/01/2021 22:00,3.5,4,13.4,0,0.6,11.305,10.237,9.474
26/01/2021 23:00,2,NaN,13.1,0,NaN,11.305,10.239,7.276
27/01/2021 00:00,3.3,2.97,12.8,0,0.4,11.305,10.24,3.439
27/01/2021 01:00,3.3,2.77,12.6,0,0.3,11.306,10.24,1.14
27/01/2021 02:00,3.2,2.71,12.6,0,0.3,11.307,10.241,0.249
27/01/2021 03:00,3.2,3,13.4,0,0.4,11.307,10.241,1.276
27/01/2021 04:00,3.6,3.68,14.2,0,0.4,11.307,10.239,6.017
27/01/2021 05:00,3.4,4.31,15.5,0,0.5,11.307,10.238,9.568
27/01/2021 06:00,3.5,4.34,16.4,0,0.5,11.307,10.238,10.142
27/01/2021 07:00,3.7,4.31,16.8,0,0.5,11.307,10.237,12.122
27/01/2021 08:00,103.2,5.56,18.2,0,0.5,11.304,10.233,31.097
27/01/2021 09:00,118.2,5.4,20.4,6.7,0.5,11.299,10.233,48.15
27/01/2021 10:00,119.3,4.57,22.1,29.4,0.4,11.304,10.235,46.428
27/01/2021 11:00,123.5,4.66,22.1,70.5,0.3,11.308,10.236,48.308
27/01/2021 12:00,128.5,3.83,23.1,116.5,0.3,11.309,10.238,49.275
27/01/2021 13:00,137.2,3.93,24.1,202,0.3,11.309,10.238,55.538
27/01/2021 14:00,127.5,4,24.5,118.3,0.3,11.309,10.239,52.499
27/01/2021 15:00,125.2,4.06,24,95.2,0.3,11.309,10.24,50.126
27/01/2021 16:00,118.2,4.17,24.2,22.7,0.4,11.31,10.241,45.225
27/01/2021 17:00,124.4,4.37,24.8,1,0.4,11.311,10.241,39.893
27/01/2021 18:00,124.5,4.39,25.1,0,0.4,11.311,10.24,38.957
27/01/2021 19:00,124,4.35,25.1,0,0.4,11.311,10.24,38.845
27/01/2021 20:00,13.8,3.83,22.6,0,0.4,11.314,10.243,17.967
27/01/2021 21:00,3.8,4.06,17.2,0,0.5,11.316,10.243,5.989
27/01/2021 22:00,3.8,3.33,14,0,0.4,11.315,10.242,4.389
27/01/2021 23:00,NaN,NaN,NaN,NaN,NaN,11.315,10.243,3.182
28/01/2021 00:00,3.6,2.92,13.1,0,0.3,11.315,10.243,1.517
28/01/2021 01:00,3.4,2.84,13,0,0.3,11.315,10.243,0.984
28/01/2021 02:00,3.6,2.83,13.2,0,0.3,11.315,10.244,1.655
28/01/2021 03:00,3.4,2.47,13.8,0,0.3,11.316,10.245,0.455
28/01/2021 04:00,3.4,2.41,14.7,0,0.3,11.317,10.245,0.63
28/01/2021 05:00,3.2,3.18,15.7,0,0.4,11.317,10.243,5.913
28/01/2021 06:00,3.3,3.88,16.4,0,0.5,11.315,10.241,13.849
28/01/2021 07:00,3.7,4.34,16.7,0,0.5,11.315,10.241,15.15
28/01/2021 08:00,100.5,4.96,18.5,0,0.5,11.313,10.238,33.936
28/01/2021 09:00,116.9,4.75,20.1,4.6,0.4,11.309,10.237,50.005
28/01/2021 10:00,120.1,4.67,21.2,39.5,0.4,11.311,10.238,51.786
28/01/2021 11:00,121.5,4.49,21,55.8,0.4,11.313,10.239,51.462
28/01/2021 12:00,123.9,4.41,20.9,73.8,0.3,11.313,10.239,51.439
28/01/2021 13:00,125.4,4.1,21.4,90.2,0.3,11.313,10.24,48.892
28/01/2021 14:00,126.7,4.19,21.6,96.5,0.4,11.313,10.24,55.706
28/01/2021 15:00,124.3,4.11,22,72.9,0.4,11.313,10.241,51.601
28/01/2021 16:00,118,4.08,23.4,22.3,0.4,11.315,10.243,44.244
28/01/2021 17:00,124.7,4.34,23.6,1.6,0.4,11.315,10.242,46.045
28/01/2021 18:00,125.4,4.18,24,0,0.4,11.315,10.241,43.873
28/01/2021 19:00,125.7,3.57,24.8,0,0.3,11.315,10.242,38.398
28/01/2021 20:00,14.3,2.57,23,0,0.2,11.317,10.245,15.279
28/01/2021 21:00,3.5,3.12,18.1,0,0.4,11.318,10.246,7.255
28/01/2021 22:00,3.6,2.94,14.3,0,0.4,11.318,10.245,8.926
28/01/2021 23:00,NaN,NaN,NaN,NaN,NaN,11.318,10.246,8.138
29/01/2021 00:00,3.3,2.09,13.8,0,0.2,11.319,10.247,3.016
29/01/2021 01:00,3.6,2.03,13.6,0,0.3,11.319,10.248,0.587
29/01/2021 02:00,3.3,1.87,13.4,0,0.2,11.319,10.249,1.033
29/01/2021 03:00,3.5,1.75,14,0,0.2,11.319,10.249,0.127
29/01/2021 04:00,3.3,1.76,15.1,0,0.2,11.32,10.249,0.215
29/01/2021 05:00,3.8,2.25,16.4,0,0.3,11.319,10.247,4.49
29/01/2021 06:00,3.8,2.38,16.8,0,0.3,11.319,10.247,7.765
29/01/2021 07:00,3.5,2.88,17.4,0,0.4,11.319,10.246,14.217
29/01/2021 08:00,92.8,4.71,18.3,2.5,0.4,11.316,10.242,36.737
29/01/2021 09:00,112.2,5.35,20,46.1,0.5,11.313,10.239,56.239
29/01/2021 10:00,117,5.39,21.2,81,0.4,11.314,10.24,58.888
